CustomerID,Recency,Frequency,Monetary,ReviewText,Cluster,Cleaned_ReviewText,Sentiment_Compound,Sentiment_Pos,Sentiment_Neu,Sentiment_Neg,Sentiment_Label
CUST-0001,25.8,6,159.7,"Acceptable performance. It functions as described, but packaging was slightly dented.",2,acceptable performance it functions as described but packaging was slightly dented,0.1655,0.142,0.858,0.0,Positive
CUST-0002,165.6,9,252.0,Completely defective. The charging unit broke after 3 days of normal use.,1,completely defective the charging unit broke after 3 days of normal use,-0.7178,0.0,0.6,0.4,Negative
CUST-0003,72.4,2,138.1,Completely defective. The charging unit broke after 3 days of normal use.,0,completely defective the charging unit broke after 3 days of normal use,-0.7178,0.0,0.6,0.4,Negative
CUST-0004,50.2,9,601.88,"Acceptable performance. It functions as described, but packaging was slightly dented.",1,acceptable performance it functions as described but packaging was slightly dented,0.1655,0.142,0.858,0.0,Positive
CUST-0005,9.3,3,184.22,"Acceptable performance. It functions as described, but packaging was slightly dented.",2,acceptable performance it functions as described but packaging was slightly dented,0.1655,0.142,0.858,0.0,Positive
CUST-0006,9.3,11,567.42,Flawless customer service. They resolved my return in under 3 minutes.,1,flawless customer service they resolved my return in under 3 minutes,0.6124,0.385,0.615,0.0,Positive
CUST-0007,3.3,7,48.7,"A bit pricey for what it delivers, but overall decent experience.",2,a bit pricey for what it delivers but overall decent experience,0.0,0.0,1.0,0.0,Neutral
CUST-0008,110.6,9,437.87,Completely defective. The charging unit broke after 3 days of normal use.,1,completely defective the charging unit broke after 3 days of normal use,-0.7178,0.0,0.6,0.4,Negative
CUST-0009,50.5,2,116.35,Completely defective. The charging unit broke after 3 days of normal use.,0,completely defective the charging unit broke after 3 days of normal use,-0.7178,0.0,0.6,0.4,Negative
CUST-0010,67.7,5,201.87,Do not recommend. Horrible return policy and unhelpful customer support.,0,do not recommend horrible return policy and unhelpful customer support,0.533,0.379,0.477,0.144,Positive
CUST-0011,1.1,1,37.18,Standard delivery time. Product is fine for routine everyday use.,0,standard delivery time product is fine for routine everyday use,0.2023,0.167,0.833,0.0,Positive
CUST-0012,192.7,6,456.0,Unacceptable delivery delay. Took 3 weeks to arrive and support was unreachable.,1,unacceptable delivery delay took 3 weeks to arrive and support was unreachable,-0.3818,0.169,0.5,0.331,Negative
CUST-0013,98.3,7,342.4,Extremely disappointed with build quality. Cheap plastic that feels fragile.,1,extremely disappointed with build quality cheap plastic that feels fragile,-0.5256,0.0,0.726,0.274,Negative
CUST-0014,13.1,7,407.3,Standard delivery time. Product is fine for routine everyday use.,1,standard delivery time product is fine for routine everyday use,0.2023,0.167,0.833,0.0,Positive
CUST-0015,11.0,3,191.8,"Does the job adequately. No major complaints, but nothing exceptional.",2,does the job adequately no major complaints but nothing exceptional,-0.3506,0.0,0.699,0.301,Negative
CUST-0016,11.1,2,63.95,"Does the job adequately. No major complaints, but nothing exceptional.",0,does the job adequately no major complaints but nothing exceptional,-0.3506,0.0,0.699,0.301,Negative
CUST-0017,20.0,3,160.43,"A bit pricey for what it delivers, but overall decent experience.",0,a bit pricey for what it delivers but overall decent experience,0.0,0.0,1.0,0.0,Neutral
CUST-0018,40.9,5,368.77,"Does the job adequately. No major complaints, but nothing exceptional.",1,does the job adequately no major complaints but nothing exceptional,-0.3506,0.0,0.699,0.301,Negative
CUST-0019,31.1,3,248.24,"Acceptable performance. It functions as described, but packaging was slightly dented.",0,acceptable performance it functions as described but packaging was slightly dented,0.1655,0.142,0.858,0.0,Positive
CUST-0020,18.9,3,152.16,"Acceptable performance. It functions as described, but packaging was slightly dented.",0,acceptable performance it functions as described but packaging was slightly dented,0.1655,0.142,0.858,0.0,Positive
CUST-0021,52.1,2,91.43,Do not recommend. Horrible return policy and unhelpful customer support.,0,do not recommend horrible return policy and unhelpful customer support,0.533,0.379,0.477,0.144,Positive
CUST-0022,8.3,4,219.37,"A bit pricey for what it delivers, but overall decent experience.",2,a bit pricey for what it delivers but overall decent experience,0.0,0.0,1.0,0.0,Neutral
CUST-0023,19.0,4,217.54,Standard delivery time. Product is fine for routine everyday use.,2,standard delivery time product is fine for routine everyday use,0.2023,0.167,0.833,0.0,Positive
CUST-0024,25.1,4,299.85,"A bit pricey for what it delivers, but overall decent experience.",2,a bit pricey for what it delivers but overall decent experience,0.0,0.0,1.0,0.0,Neutral
CUST-0025,33.5,5,160.32,Standard delivery time. Product is fine for routine everyday use.,0,standard delivery time product is fine for routine everyday use,0.2023,0.167,0.833,0.0,Positive
CUST-0026,84.6,6,269.77,Do not recommend. Horrible return policy and unhelpful customer support.,1,do not recommend horrible return policy and unhelpful customer support,0.533,0.379,0.477,0.144,Positive
CUST-0027,12.3,2,59.78,"Does the job adequately. No major complaints, but nothing exceptional.",0,does the job adequately no major complaints but nothing exceptional,-0.3506,0.0,0.699,0.301,Negative
CUST-0028,39.7,6,190.69,"Acceptable performance. It functions as described, but packaging was slightly dented.",1,acceptable performance it functions as described but packaging was slightly dented,0.1655,0.142,0.858,0.0,Positive
CUST-0029,49.4,4,227.11,Unacceptable delivery delay. Took 3 weeks to arrive and support was unreachable.,0,unacceptable delivery delay took 3 weeks to arrive and support was unreachable,-0.3818,0.169,0.5,0.331,Negative
CUST-0030,2.6,2,129.15,"A bit pricey for what it delivers, but overall decent experience.",2,a bit pricey for what it delivers but overall decent experience,0.0,0.0,1.0,0.0,Neutral
CUST-0031,51.4,3,114.93,Do not recommend. Horrible return policy and unhelpful customer support.,0,do not recommend horrible return policy and unhelpful customer support,0.533,0.379,0.477,0.144,Positive
CUST-0032,10.3,6,383.39,"A bit pricey for what it delivers, but overall decent experience.",2,a bit pricey for what it delivers but overall decent experience,0.0,0.0,1.0,0.0,Neutral
CUST-0033,3.7,5,350.04,"Acceptable performance. It functions as described, but packaging was slightly dented.",2,acceptable performance it functions as described but packaging was slightly dented,0.1655,0.142,0.858,0.0,Positive
CUST-0034,163.6,5,424.12,Unacceptable delivery delay. Took 3 weeks to arrive and support was unreachable.,1,unacceptable delivery delay took 3 weeks to arrive and support was unreachable,-0.3818,0.169,0.5,0.331,Negative
CUST-0035,185.4,4,205.02,Unacceptable delivery delay. Took 3 weeks to arrive and support was unreachable.,0,unacceptable delivery delay took 3 weeks to arrive and support was unreachable,-0.3818,0.169,0.5,0.331,Negative
CUST-0036,90.9,3,115.45,Do not recommend. Horrible return policy and unhelpful customer support.,0,do not recommend horrible return policy and unhelpful customer support,0.533,0.379,0.477,0.144,Positive
CUST-0037,20.0,3,95.87,Standard delivery time. Product is fine for routine everyday use.,0,standard delivery time product is fine for routine everyday use,0.2023,0.167,0.833,0.0,Positive
CUST-0038,5.7,4,120.67,"Does the job adequately. No major complaints, but nothing exceptional.",2,does the job adequately no major complaints but nothing exceptional,-0.3506,0.0,0.699,0.301,Negative
CUST-0039,63.4,7,507.47,Completely defective. The charging unit broke after 3 days of normal use.,1,completely defective the charging unit broke after 3 days of normal use,-0.7178,0.0,0.6,0.4,Negative
CUST-0040,31.9,6,136.37,Standard delivery time. Product is fine for routine everyday use.,0,standard delivery time product is fine for routine everyday use,0.2023,0.167,0.833,0.0,Positive
CUST-0041,7.2,5,359.6,"Does the job adequately. No major complaints, but nothing exceptional.",2,does the job adequately no major complaints but nothing exceptional,-0.3506,0.0,0.699,0.301,Negative
CUST-0042,37.6,3,103.1,Extremely disappointed with build quality. Cheap plastic that feels fragile.,0,extremely disappointed with build quality cheap plastic that feels fragile,-0.5256,0.0,0.726,0.274,Negative
CUST-0043,1.9,4,150.67,"Does the job adequately. No major complaints, but nothing exceptional.",2,does the job adequately no major complaints but nothing exceptional,-0.3506,0.0,0.699,0.301,Negative
CUST-0044,132.0,3,141.82,Unacceptable delivery delay. Took 3 weeks to arrive and support was unreachable.,0,unacceptable delivery delay took 3 weeks to arrive and support was unreachable,-0.3818,0.169,0.5,0.331,Negative
CUST-0045,16.5,2,74.67,"Acceptable performance. It functions as described, but packaging was slightly dented.",0,acceptable performance it functions as described but packaging was slightly dented,0.1655,0.142,0.858,0.0,Positive
CUST-0046,59.7,8,534.21,Standard delivery time. Product is fine for routine everyday use.,1,standard delivery time product is fine for routine everyday use,0.2023,0.167,0.833,0.0,Positive
CUST-0047,20.5,6,495.84,Standard delivery time. Product is fine for routine everyday use.,1,standard delivery time product is fine for routine everyday use,0.2023,0.167,0.833,0.0,Positive
CUST-0048,40.4,4,152.66,"Does the job adequately. No major complaints, but nothing exceptional.",0,does the job adequately no major complaints but nothing exceptional,-0.3506,0.0,0.699,0.301,Negative
CUST-0049,43.5,6,253.32,"A bit pricey for what it delivers, but overall decent experience.",1,a bit pricey for what it delivers but overall decent experience,0.0,0.0,1.0,0.0,Neutral
CUST-0050,11.2,4,188.24,Standard delivery time. Product is fine for routine everyday use.,2,standard delivery time product is fine for routine everyday use,0.2023,0.167,0.833,0.0,Positive
CUST-0051,192.1,7,418.17,Extremely disappointed with build quality. Cheap plastic that feels fragile.,1,extremely disappointed with build quality cheap plastic that feels fragile,-0.5256,0.0,0.726,0.274,Negative
CUST-0052,82.1,5,236.19,Do not recommend. Horrible return policy and unhelpful customer support.,1,do not recommend horrible return policy and unhelpful customer support,0.533,0.379,0.477,0.144,Positive
CUST-0053,154.3,6,449.82,Extremely disappointed with build quality. Cheap plastic that feels fragile.,1,extremely disappointed with build quality cheap plastic that feels fragile,-0.5256,0.0,0.726,0.274,Negative
CUST-0054,123.9,6,423.84,Do not recommend. Horrible return policy and unhelpful customer support.,1,do not recommend horrible return policy and unhelpful customer support,0.533,0.379,0.477,0.144,Positive
CUST-0055,50.1,5,143.31,Completely defective. The charging unit broke after 3 days of normal use.,0,completely defective the charging unit broke after 3 days of normal use,-0.7178,0.0,0.6,0.4,Negative
CUST-0056,140.2,3,178.13,Extremely disappointed with build quality. Cheap plastic that feels fragile.,0,extremely disappointed with build quality cheap plastic that feels fragile,-0.5256,0.0,0.726,0.274,Negative
CUST-0057,5.1,6,464.2,"A bit pricey for what it delivers, but overall decent experience.",2,a bit pricey for what it delivers but overall decent experience,0.0,0.0,1.0,0.0,Neutral
CUST-0058,12.0,5,205.47,"Acceptable performance. It functions as described, but packaging was slightly dented.",2,acceptable performance it functions as described but packaging was slightly dented,0.1655,0.142,0.858,0.0,Positive
CUST-0059,2.5,7,312.92,"A bit pricey for what it delivers, but overall decent experience.",2,a bit pricey for what it delivers but overall decent experience,0.0,0.0,1.0,0.0,Neutral
CUST-0060,21.6,5,202.48,"Acceptable performance. It functions as described, but packaging was slightly dented.",2,acceptable performance it functions as described but packaging was slightly dented,0.1655,0.142,0.858,0.0,Positive
CUST-0061,27.1,6,245.24,Standard delivery time. Product is fine for routine everyday use.,1,standard delivery time product is fine for routine everyday use,0.2023,0.167,0.833,0.0,Positive
CUST-0062,17.4,1,19.97,"Does the job adequately. No major complaints, but nothing exceptional.",0,does the job adequately no major complaints but nothing exceptional,-0.3506,0.0,0.699,0.301,Negative
CUST-0063,97.1,9,234.81,Completely defective. The charging unit broke after 3 days of normal use.,1,completely defective the charging unit broke after 3 days of normal use,-0.7178,0.0,0.6,0.4,Negative
CUST-0064,24.3,6,308.37,"A bit pricey for what it delivers, but overall decent experience.",1,a bit pricey for what it delivers but overall decent experience,0.0,0.0,1.0,0.0,Neutral
CUST-0065,18.1,8,617.96,"Acceptable performance. It functions as described, but packaging was slightly dented.",1,acceptable performance it functions as described but packaging was slightly dented,0.1655,0.142,0.858,0.0,Positive
CUST-0066,43.0,3,116.88,Extremely disappointed with build quality. Cheap plastic that feels fragile.,0,extremely disappointed with build quality cheap plastic that feels fragile,-0.5256,0.0,0.726,0.274,Negative
CUST-0067,8.4,1,38.43,Standard delivery time. Product is fine for routine everyday use.,0,standard delivery time product is fine for routine everyday use,0.2023,0.167,0.833,0.0,Positive
CUST-0068,89.1,6,483.76,Completely defective. The charging unit broke after 3 days of normal use.,1,completely defective the charging unit broke after 3 days of normal use,-0.7178,0.0,0.6,0.4,Negative
CUST-0069,4.3,5,150.26,Standard delivery time. Product is fine for routine everyday use.,2,standard delivery time product is fine for routine everyday use,0.2023,0.167,0.833,0.0,Positive
CUST-0070,238.4,5,100.49,Do not recommend. Horrible return policy and unhelpful customer support.,0,do not recommend horrible return policy and unhelpful customer support,0.533,0.379,0.477,0.144,Positive
CUST-0071,81.4,3,105.26,Extremely disappointed with build quality. Cheap plastic that feels fragile.,0,extremely disappointed with build quality cheap plastic that feels fragile,-0.5256,0.0,0.726,0.274,Negative
CUST-0072,12.2,4,152.28,"A bit pricey for what it delivers, but overall decent experience.",2,a bit pricey for what it delivers but overall decent experience,0.0,0.0,1.0,0.0,Neutral
CUST-0073,0.3,4,74.18,Standard delivery time. Product is fine for routine everyday use.,2,standard delivery time product is fine for routine everyday use,0.2023,0.167,0.833,0.0,Positive
CUST-0074,92.9,4,190.78,Do not recommend. Horrible return policy and unhelpful customer support.,0,do not recommend horrible return policy and unhelpful customer support,0.533,0.379,0.477,0.144,Positive
CUST-0075,67.5,4,268.29,Completely defective. The charging unit broke after 3 days of normal use.,0,completely defective the charging unit broke after 3 days of normal use,-0.7178,0.0,0.6,0.4,Negative
CUST-0076,71.8,3,80.56,Completely defective. The charging unit broke after 3 days of normal use.,0,completely defective the charging unit broke after 3 days of normal use,-0.7178,0.0,0.6,0.4,Negative
CUST-0077,81.1,6,309.46,Extremely disappointed with build quality. Cheap plastic that feels fragile.,1,extremely disappointed with build quality cheap plastic that feels fragile,-0.5256,0.0,0.726,0.274,Negative
CUST-0078,4.2,5,285.63,Standard delivery time. Product is fine for routine everyday use.,2,standard delivery time product is fine for routine everyday use,0.2023,0.167,0.833,0.0,Positive
CUST-0079,24.4,4,194.0,Standard delivery time. Product is fine for routine everyday use.,0,standard delivery time product is fine for routine everyday use,0.2023,0.167,0.833,0.0,Positive
CUST-0080,6.8,4,213.37,"Acceptable performance. It functions as described, but packaging was slightly dented.",2,acceptable performance it functions as described but packaging was slightly dented,0.1655,0.142,0.858,0.0,Positive
CUST-0081,109.4,4,214.21,Do not recommend. Horrible return policy and unhelpful customer support.,0,do not recommend horrible return policy and unhelpful customer support,0.533,0.379,0.477,0.144,Positive
CUST-0082,53.7,3,106.11,Do not recommend. Horrible return policy and unhelpful customer support.,0,do not recommend horrible return policy and unhelpful customer support,0.533,0.379,0.477,0.144,Positive
CUST-0083,22.1,3,230.92,"Acceptable performance. It functions as described, but packaging was slightly dented.",0,acceptable performance it functions as described but packaging was slightly dented,0.1655,0.142,0.858,0.0,Positive
CUST-0084,3.6,7,507.22,"Acceptable performance. It functions as described, but packaging was slightly dented.",2,acceptable performance it functions as described but packaging was slightly dented,0.1655,0.142,0.858,0.0,Positive
CUST-0085,20.5,3,214.26,Standard delivery time. Product is fine for routine everyday use.,0,standard delivery time product is fine for routine everyday use,0.2023,0.167,0.833,0.0,Positive
CUST-0086,21.6,2,136.49,"Does the job adequately. No major complaints, but nothing exceptional.",0,does the job adequately no major complaints but nothing exceptional,-0.3506,0.0,0.699,0.301,Negative
CUST-0087,71.9,2,43.3,Completely defective. The charging unit broke after 3 days of normal use.,0,completely defective the charging unit broke after 3 days of normal use,-0.7178,0.0,0.6,0.4,Negative
CUST-0088,55.8,6,400.01,"Acceptable performance. It functions as described, but packaging was slightly dented.",1,acceptable performance it functions as described but packaging was slightly dented,0.1655,0.142,0.858,0.0,Positive
CUST-0089,120.0,5,309.0,Extremely disappointed with build quality. Cheap plastic that feels fragile.,1,extremely disappointed with build quality cheap plastic that feels fragile,-0.5256,0.0,0.726,0.274,Negative
CUST-0090,35.1,6,134.06,"Acceptable performance. It functions as described, but packaging was slightly dented.",0,acceptable performance it functions as described but packaging was slightly dented,0.1655,0.142,0.858,0.0,Positive
CUST-0091,7.0,6,276.79,"Acceptable performance. It functions as described, but packaging was slightly dented.",2,acceptable performance it functions as described but packaging was slightly dented,0.1655,0.142,0.858,0.0,Positive
CUST-0092,68.7,5,274.91,Do not recommend. Horrible return policy and unhelpful customer support.,1,do not recommend horrible return policy and unhelpful customer support,0.533,0.379,0.477,0.144,Positive
CUST-0093,78.7,6,479.75,Unacceptable delivery delay. Took 3 weeks to arrive and support was unreachable.,1,unacceptable delivery delay took 3 weeks to arrive and support was unreachable,-0.3818,0.169,0.5,0.331,Negative
CUST-0094,45.3,4,252.18,Do not recommend. Horrible return policy and unhelpful customer support.,0,do not recommend horrible return policy and unhelpful customer support,0.533,0.379,0.477,0.144,Positive
CUST-0095,81.1,5,172.19,Unacceptable delivery delay. Took 3 weeks to arrive and support was unreachable.,0,unacceptable delivery delay took 3 weeks to arrive and support was unreachable,-0.3818,0.169,0.5,0.331,Negative
CUST-0096,37.4,7,563.62,"A bit pricey for what it delivers, but overall decent experience.",1,a bit pricey for what it delivers but overall decent experience,0.0,0.0,1.0,0.0,Neutral
CUST-0097,40.7,5,253.94,"Acceptable performance. It functions as described, but packaging was slightly dented.",1,acceptable performance it functions as described but packaging was slightly dented,0.1655,0.142,0.858,0.0,Positive
CUST-0098,30.7,3,136.18,"A bit pricey for what it delivers, but overall decent experience.",0,a bit pricey for what it delivers but overall decent experience,0.0,0.0,1.0,0.0,Neutral
CUST-0099,1.4,4,176.45,Standard delivery time. Product is fine for routine everyday use.,2,standard delivery time product is fine for routine everyday use,0.2023,0.167,0.833,0.0,Positive
CUST-0100,6.3,6,124.66,"Does the job adequately. No major complaints, but nothing exceptional.",2,does the job adequately no major complaints but nothing exceptional,-0.3506,0.0,0.699,0.301,Negative
CUST-0101,1.8,4,192.1,"Does the job adequately. No major complaints, but nothing exceptional.",2,does the job adequately no major complaints but nothing exceptional,-0.3506,0.0,0.699,0.301,Negative
CUST-0102,55.6,3,176.86,Extremely disappointed with build quality. Cheap plastic that feels fragile.,0,extremely disappointed with build quality cheap plastic that feels fragile,-0.5256,0.0,0.726,0.274,Negative
CUST-0103,20.8,5,215.32,Standard delivery time. Product is fine for routine everyday use.,2,standard delivery time product is fine for routine everyday use,0.2023,0.167,0.833,0.0,Positive
CUST-0104,39.1,5,287.84,"A bit pricey for what it delivers, but overall decent experience.",1,a bit pricey for what it delivers but overall decent experience,0.0,0.0,1.0,0.0,Neutral
CUST-0105,131.0,6,206.65,Extremely disappointed with build quality. Cheap plastic that feels fragile.,1,extremely disappointed with build quality cheap plastic that feels fragile,-0.5256,0.0,0.726,0.274,Negative
CUST-0106,15.8,4,189.85,"Acceptable performance. It functions as described, but packaging was slightly dented.",2,acceptable performance it functions as described but packaging was slightly dented,0.1655,0.142,0.858,0.0,Positive
CUST-0107,29.1,8,445.58,"A bit pricey for what it delivers, but overall decent experience.",1,a bit pricey for what it delivers but overall decent experience,0.0,0.0,1.0,0.0,Neutral
CUST-0108,77.5,5,267.07,Completely defective. The charging unit broke after 3 days of normal use.,1,completely defective the charging unit broke after 3 days of normal use,-0.7178,0.0,0.6,0.4,Negative
CUST-0109,14.3,6,126.61,"Acceptable performance. It functions as described, but packaging was slightly dented.",2,acceptable performance it functions as described but packaging was slightly dented,0.1655,0.142,0.858,0.0,Positive
CUST-0110,4.4,3,126.29,"Does the job adequately. No major complaints, but nothing exceptional.",2,does the job adequately no major complaints but nothing exceptional,-0.3506,0.0,0.699,0.301,Negative
CUST-0111,18.8,10,801.94,"Acceptable performance. It functions as described, but packaging was slightly dented.",1,acceptable performance it functions as described but packaging was slightly dented,0.1655,0.142,0.858,0.0,Positive
CUST-0112,9.7,3,123.41,"Acceptable performance. It functions as described, but packaging was slightly dented.",0,acceptable performance it functions as described but packaging was slightly dented,0.1655,0.142,0.858,0.0,Positive
CUST-0113,146.0,2,100.57,Do not recommend. Horrible return policy and unhelpful customer support.,0,do not recommend horrible return policy and unhelpful customer support,0.533,0.379,0.477,0.144,Positive
CUST-0114,90.8,4,193.75,Extremely disappointed with build quality. Cheap plastic that feels fragile.,0,extremely disappointed with build quality cheap plastic that feels fragile,-0.5256,0.0,0.726,0.274,Negative
CUST-0115,55.2,7,547.6,Standard delivery time. Product is fine for routine everyday use.,1,standard delivery time product is fine for routine everyday use,0.2023,0.167,0.833,0.0,Positive
CUST-0116,112.8,2,146.45,Unacceptable delivery delay. Took 3 weeks to arrive and support was unreachable.,0,unacceptable delivery delay took 3 weeks to arrive and support was unreachable,-0.3818,0.169,0.5,0.331,Negative
CUST-0117,89.5,3,193.61,Unacceptable delivery delay. Took 3 weeks to arrive and support was unreachable.,0,unacceptable delivery delay took 3 weeks to arrive and support was unreachable,-0.3818,0.169,0.5,0.331,Negative
CUST-0118,11.4,9,292.33,"A bit pricey for what it delivers, but overall decent experience.",1,a bit pricey for what it delivers but overall decent experience,0.0,0.0,1.0,0.0,Neutral
CUST-0119,122.7,8,451.72,Completely defective. The charging unit broke after 3 days of normal use.,1,completely defective the charging unit broke after 3 days of normal use,-0.7178,0.0,0.6,0.4,Negative
CUST-0120,42.6,4,240.89,Standard delivery time. Product is fine for routine everyday use.,0,standard delivery time product is fine for routine everyday use,0.2023,0.167,0.833,0.0,Positive
CUST-0121,90.6,2,74.85,Extremely disappointed with build quality. Cheap plastic that feels fragile.,0,extremely disappointed with build quality cheap plastic that feels fragile,-0.5256,0.0,0.726,0.274,Negative
CUST-0122,124.5,7,240.31,Completely defective. The charging unit broke after 3 days of normal use.,1,completely defective the charging unit broke after 3 days of normal use,-0.7178,0.0,0.6,0.4,Negative
CUST-0123,21.1,5,403.45,"Does the job adequately. No major complaints, but nothing exceptional.",1,does the job adequately no major complaints but nothing exceptional,-0.3506,0.0,0.699,0.301,Negative
CUST-0124,6.4,6,267.51,Standard delivery time. Product is fine for routine everyday use.,2,standard delivery time product is fine for routine everyday use,0.2023,0.167,0.833,0.0,Positive
CUST-0125,14.2,4,316.28,"Acceptable performance. It functions as described, but packaging was slightly dented.",2,acceptable performance it functions as described but packaging was slightly dented,0.1655,0.142,0.858,0.0,Positive
CUST-0126,30.6,4,271.79,Standard delivery time. Product is fine for routine everyday use.,0,standard delivery time product is fine for routine everyday use,0.2023,0.167,0.833,0.0,Positive
CUST-0127,93.7,6,344.05,Unacceptable delivery delay. Took 3 weeks to arrive and support was unreachable.,1,unacceptable delivery delay took 3 weeks to arrive and support was unreachable,-0.3818,0.169,0.5,0.331,Negative
CUST-0128,108.4,6,348.87,Unacceptable delivery delay. Took 3 weeks to arrive and support was unreachable.,1,unacceptable delivery delay took 3 weeks to arrive and support was unreachable,-0.3818,0.169,0.5,0.331,Negative
CUST-0129,0.4,5,123.96,"Acceptable performance. It functions as described, but packaging was slightly dented.",2,acceptable performance it functions as described but packaging was slightly dented,0.1655,0.142,0.858,0.0,Positive
CUST-0130,39.3,7,376.05,"A bit pricey for what it delivers, but overall decent experience.",1,a bit pricey for what it delivers but overall decent experience,0.0,0.0,1.0,0.0,Neutral
CUST-0131,29.7,4,302.03,"Acceptable performance. It functions as described, but packaging was slightly dented.",2,acceptable performance it functions as described but packaging was slightly dented,0.1655,0.142,0.858,0.0,Positive
CUST-0132,13.8,5,311.32,Standard delivery time. Product is fine for routine everyday use.,2,standard delivery time product is fine for routine everyday use,0.2023,0.167,0.833,0.0,Positive
CUST-0133,7.0,3,158.33,"Acceptable performance. It functions as described, but packaging was slightly dented.",2,acceptable performance it functions as described but packaging was slightly dented,0.1655,0.142,0.858,0.0,Positive
CUST-0134,22.7,8,646.52,"Does the job adequately. No major complaints, but nothing exceptional.",1,does the job adequately no major complaints but nothing exceptional,-0.3506,0.0,0.699,0.301,Negative
CUST-0135,157.5,11,513.36,Extremely disappointed with build quality. Cheap plastic that feels fragile.,1,extremely disappointed with build quality cheap plastic that feels fragile,-0.5256,0.0,0.726,0.274,Negative
CUST-0136,21.5,5,194.24,"Acceptable performance. It functions as described, but packaging was slightly dented.",2,acceptable performance it functions as described but packaging was slightly dented,0.1655,0.142,0.858,0.0,Positive
CUST-0137,40.2,5,263.84,"Does the job adequately. No major complaints, but nothing exceptional.",1,does the job adequately no major complaints but nothing exceptional,-0.3506,0.0,0.699,0.301,Negative
CUST-0138,66.8,4,255.19,Extremely disappointed with build quality. Cheap plastic that feels fragile.,0,extremely disappointed with build quality cheap plastic that feels fragile,-0.5256,0.0,0.726,0.274,Negative
CUST-0139,24.9,6,114.48,"Does the job adequately. No major complaints, but nothing exceptional.",0,does the job adequately no major complaints but nothing exceptional,-0.3506,0.0,0.699,0.301,Negative
CUST-0140,196.2,6,330.77,Extremely disappointed with build quality. Cheap plastic that feels fragile.,1,extremely disappointed with build quality cheap plastic that feels fragile,-0.5256,0.0,0.726,0.274,Negative
CUST-0141,180.5,6,387.52,Completely defective. The charging unit broke after 3 days of normal use.,1,completely defective the charging unit broke after 3 days of normal use,-0.7178,0.0,0.6,0.4,Negative
CUST-0142,16.0,3,135.44,"Does the job adequately. No major complaints, but nothing exceptional.",0,does the job adequately no major complaints but nothing exceptional,-0.3506,0.0,0.699,0.301,Negative
CUST-0143,37.8,3,209.78,Standard delivery time. Product is fine for routine everyday use.,0,standard delivery time product is fine for routine everyday use,0.2023,0.167,0.833,0.0,Positive
CUST-0144,19.7,6,369.25,"Does the job adequately. No major complaints, but nothing exceptional.",1,does the job adequately no major complaints but nothing exceptional,-0.3506,0.0,0.699,0.301,Negative
CUST-0145,18.4,3,265.63,"A bit pricey for what it delivers, but overall decent experience.",2,a bit pricey for what it delivers but overall decent experience,0.0,0.0,1.0,0.0,Neutral
CUST-0146,2.1,2,72.98,"Acceptable performance. It functions as described, but packaging was slightly dented.",2,acceptable performance it functions as described but packaging was slightly dented,0.1655,0.142,0.858,0.0,Positive
CUST-0147,51.7,7,454.67,"A bit pricey for what it delivers, but overall decent experience.",1,a bit pricey for what it delivers but overall decent experience,0.0,0.0,1.0,0.0,Neutral
CUST-0148,38.4,5,158.44,"Does the job adequately. No major complaints, but nothing exceptional.",0,does the job adequately no major complaints but nothing exceptional,-0.3506,0.0,0.699,0.301,Negative
CUST-0149,2.9,4,83.69,"Does the job adequately. No major complaints, but nothing exceptional.",2,does the job adequately no major complaints but nothing exceptional,-0.3506,0.0,0.699,0.301,Negative
CUST-0150,18.0,6,80.16,Standard delivery time. Product is fine for routine everyday use.,0,standard delivery time product is fine for routine everyday use,0.2023,0.167,0.833,0.0,Positive
CUST-0151,131.4,6,358.14,Completely defective. The charging unit broke after 3 days of normal use.,1,completely defective the charging unit broke after 3 days of normal use,-0.7178,0.0,0.6,0.4,Negative
CUST-0152,15.1,2,106.63,"Acceptable performance. It functions as described, but packaging was slightly dented.",0,acceptable performance it functions as described but packaging was slightly dented,0.1655,0.142,0.858,0.0,Positive
CUST-0153,8.6,6,248.26,"Does the job adequately. No major complaints, but nothing exceptional.",2,does the job adequately no major complaints but nothing exceptional,-0.3506,0.0,0.699,0.301,Negative
CUST-0154,37.0,8,144.62,"Acceptable performance. It functions as described, but packaging was slightly dented.",1,acceptable performance it functions as described but packaging was slightly dented,0.1655,0.142,0.858,0.0,Positive
CUST-0155,233.4,6,225.44,Unacceptable delivery delay. Took 3 weeks to arrive and support was unreachable.,1,unacceptable delivery delay took 3 weeks to arrive and support was unreachable,-0.3818,0.169,0.5,0.331,Negative
CUST-0156,15.2,5,250.37,"A bit pricey for what it delivers, but overall decent experience.",2,a bit pricey for what it delivers but overall decent experience,0.0,0.0,1.0,0.0,Neutral
CUST-0157,61.3,5,321.39,Completely defective. The charging unit broke after 3 days of normal use.,1,completely defective the charging unit broke after 3 days of normal use,-0.7178,0.0,0.6,0.4,Negative
CUST-0158,78.9,1,49.7,Do not recommend. Horrible return policy and unhelpful customer support.,0,do not recommend horrible return policy and unhelpful customer support,0.533,0.379,0.477,0.144,Positive
CUST-0159,14.9,3,163.61,"A bit pricey for what it delivers, but overall decent experience.",0,a bit pricey for what it delivers but overall decent experience,0.0,0.0,1.0,0.0,Neutral
CUST-0160,71.7,6,259.38,Extremely disappointed with build quality. Cheap plastic that feels fragile.,1,extremely disappointed with build quality cheap plastic that feels fragile,-0.5256,0.0,0.726,0.274,Negative
CUST-0161,25.2,3,244.46,Standard delivery time. Product is fine for routine everyday use.,0,standard delivery time product is fine for routine everyday use,0.2023,0.167,0.833,0.0,Positive
CUST-0162,55.0,6,190.03,Do not recommend. Horrible return policy and unhelpful customer support.,1,do not recommend horrible return policy and unhelpful customer support,0.533,0.379,0.477,0.144,Positive
CUST-0163,55.2,1,37.41,Completely defective. The charging unit broke after 3 days of normal use.,0,completely defective the charging unit broke after 3 days of normal use,-0.7178,0.0,0.6,0.4,Negative
CUST-0164,42.2,3,123.41,Do not recommend. Horrible return policy and unhelpful customer support.,0,do not recommend horrible return policy and unhelpful customer support,0.533,0.379,0.477,0.144,Positive
CUST-0165,5.2,2,119.54,"A bit pricey for what it delivers, but overall decent experience.",2,a bit pricey for what it delivers but overall decent experience,0.0,0.0,1.0,0.0,Neutral
CUST-0166,99.2,3,93.9,Do not recommend. Horrible return policy and unhelpful customer support.,0,do not recommend horrible return policy and unhelpful customer support,0.533,0.379,0.477,0.144,Positive
CUST-0167,21.3,5,262.21,"Acceptable performance. It functions as described, but packaging was slightly dented.",2,acceptable performance it functions as described but packaging was slightly dented,0.1655,0.142,0.858,0.0,Positive
CUST-0168,11.4,4,211.87,"Acceptable performance. It functions as described, but packaging was slightly dented.",2,acceptable performance it functions as described but packaging was slightly dented,0.1655,0.142,0.858,0.0,Positive
CUST-0169,2.3,5,187.51,Standard delivery time. Product is fine for routine everyday use.,2,standard delivery time product is fine for routine everyday use,0.2023,0.167,0.833,0.0,Positive
CUST-0170,49.2,5,279.7,Completely defective. The charging unit broke after 3 days of normal use.,1,completely defective the charging unit broke after 3 days of normal use,-0.7178,0.0,0.6,0.4,Negative
CUST-0171,62.3,8,254.87,Completely defective. The charging unit broke after 3 days of normal use.,1,completely defective the charging unit broke after 3 days of normal use,-0.7178,0.0,0.6,0.4,Negative
CUST-0172,0.9,2,59.79,"Does the job adequately. No major complaints, but nothing exceptional.",2,does the job adequately no major complaints but nothing exceptional,-0.3506,0.0,0.699,0.301,Negative
CUST-0173,39.5,5,258.96,"Does the job adequately. No major complaints, but nothing exceptional.",1,does the job adequately no major complaints but nothing exceptional,-0.3506,0.0,0.699,0.301,Negative
CUST-0174,14.1,7,140.87,"A bit pricey for what it delivers, but overall decent experience.",2,a bit pricey for what it delivers but overall decent experience,0.0,0.0,1.0,0.0,Neutral
CUST-0175,57.0,6,68.36,Unacceptable delivery delay. Took 3 weeks to arrive and support was unreachable.,0,unacceptable delivery delay took 3 weeks to arrive and support was unreachable,-0.3818,0.169,0.5,0.331,Negative
CUST-0176,10.5,2,119.18,"Does the job adequately. No major complaints, but nothing exceptional.",0,does the job adequately no major complaints but nothing exceptional,-0.3506,0.0,0.699,0.301,Negative
CUST-0177,64.6,7,482.17,Completely defective. The charging unit broke after 3 days of normal use.,1,completely defective the charging unit broke after 3 days of normal use,-0.7178,0.0,0.6,0.4,Negative
CUST-0178,26.9,5,207.99,"A bit pricey for what it delivers, but overall decent experience.",2,a bit pricey for what it delivers but overall decent experience,0.0,0.0,1.0,0.0,Neutral
CUST-0179,151.8,8,303.8,Do not recommend. Horrible return policy and unhelpful customer support.,1,do not recommend horrible return policy and unhelpful customer support,0.533,0.379,0.477,0.144,Positive
CUST-0180,8.1,5,340.5,Standard delivery time. Product is fine for routine everyday use.,2,standard delivery time product is fine for routine everyday use,0.2023,0.167,0.833,0.0,Positive
CUST-0181,22.9,6,176.28,Standard delivery time. Product is fine for routine everyday use.,2,standard delivery time product is fine for routine everyday use,0.2023,0.167,0.833,0.0,Positive
CUST-0182,6.6,7,178.22,"A bit pricey for what it delivers, but overall decent experience.",2,a bit pricey for what it delivers but overall decent experience,0.0,0.0,1.0,0.0,Neutral
CUST-0183,142.2,5,313.69,Extremely disappointed with build quality. Cheap plastic that feels fragile.,1,extremely disappointed with build quality cheap plastic that feels fragile,-0.5256,0.0,0.726,0.274,Negative
CUST-0184,115.4,6,300.98,Extremely disappointed with build quality. Cheap plastic that feels fragile.,1,extremely disappointed with build quality cheap plastic that feels fragile,-0.5256,0.0,0.726,0.274,Negative
CUST-0185,16.4,2,138.34,"A bit pricey for what it delivers, but overall decent experience.",0,a bit pricey for what it delivers but overall decent experience,0.0,0.0,1.0,0.0,Neutral
CUST-0186,59.3,5,57.38,Extremely disappointed with build quality. Cheap plastic that feels fragile.,0,extremely disappointed with build quality cheap plastic that feels fragile,-0.5256,0.0,0.726,0.274,Negative
CUST-0187,93.5,4,99.15,Completely defective. The charging unit broke after 3 days of normal use.,0,completely defective the charging unit broke after 3 days of normal use,-0.7178,0.0,0.6,0.4,Negative
CUST-0188,44.6,2,100.52,Completely defective. The charging unit broke after 3 days of normal use.,0,completely defective the charging unit broke after 3 days of normal use,-0.7178,0.0,0.6,0.4,Negative
CUST-0189,41.5,8,460.15,"Does the job adequately. No major complaints, but nothing exceptional.",1,does the job adequately no major complaints but nothing exceptional,-0.3506,0.0,0.699,0.301,Negative
CUST-0190,15.2,3,195.74,Standard delivery time. Product is fine for routine everyday use.,0,standard delivery time product is fine for routine everyday use,0.2023,0.167,0.833,0.0,Positive
CUST-0191,5.4,4,212.59,"Acceptable performance. It functions as described, but packaging was slightly dented.",2,acceptable performance it functions as described but packaging was slightly dented,0.1655,0.142,0.858,0.0,Positive
CUST-0192,125.1,5,264.82,Completely defective. The charging unit broke after 3 days of normal use.,1,completely defective the charging unit broke after 3 days of normal use,-0.7178,0.0,0.6,0.4,Negative
CUST-0193,126.9,4,171.96,Completely defective. The charging unit broke after 3 days of normal use.,0,completely defective the charging unit broke after 3 days of normal use,-0.7178,0.0,0.6,0.4,Negative
CUST-0194,55.1,8,629.09,"Does the job adequately. No major complaints, but nothing exceptional.",1,does the job adequately no major complaints but nothing exceptional,-0.3506,0.0,0.699,0.301,Negative
CUST-0195,22.8,2,60.29,"A bit pricey for what it delivers, but overall decent experience.",0,a bit pricey for what it delivers but overall decent experience,0.0,0.0,1.0,0.0,Neutral
CUST-0196,23.6,5,282.31,"Does the job adequately. No major complaints, but nothing exceptional.",2,does the job adequately no major complaints but nothing exceptional,-0.3506,0.0,0.699,0.301,Negative
CUST-0197,71.2,8,257.76,Unacceptable delivery delay. Took 3 weeks to arrive and support was unreachable.,1,unacceptable delivery delay took 3 weeks to arrive and support was unreachable,-0.3818,0.169,0.5,0.331,Negative
CUST-0198,125.1,5,298.13,Unacceptable delivery delay. Took 3 weeks to arrive and support was unreachable.,1,unacceptable delivery delay took 3 weeks to arrive and support was unreachable,-0.3818,0.169,0.5,0.331,Negative
CUST-0199,120.0,7,219.34,Unacceptable delivery delay. Took 3 weeks to arrive and support was unreachable.,1,unacceptable delivery delay took 3 weeks to arrive and support was unreachable,-0.3818,0.169,0.5,0.331,Negative
CUST-0200,83.2,4,253.55,Unacceptable delivery delay. Took 3 weeks to arrive and support was unreachable.,0,unacceptable delivery delay took 3 weeks to arrive and support was unreachable,-0.3818,0.169,0.5,0.331,Negative
CUST-0201,56.5,9,468.16,"Acceptable performance. It functions as described, but packaging was slightly dented.",1,acceptable performance it functions as described but packaging was slightly dented,0.1655,0.142,0.858,0.0,Positive
CUST-0202,4.8,7,569.82,"Acceptable performance. It functions as described, but packaging was slightly dented.",2,acceptable performance it functions as described but packaging was slightly dented,0.1655,0.142,0.858,0.0,Positive
CUST-0203,9.7,2,89.88,"Does the job adequately. No major complaints, but nothing exceptional.",0,does the job adequately no major complaints but nothing exceptional,-0.3506,0.0,0.699,0.301,Negative
CUST-0204,125.9,5,288.25,Extremely disappointed with build quality. Cheap plastic that feels fragile.,1,extremely disappointed with build quality cheap plastic that feels fragile,-0.5256,0.0,0.726,0.274,Negative
CUST-0205,51.3,4,143.86,Unacceptable delivery delay. Took 3 weeks to arrive and support was unreachable.,0,unacceptable delivery delay took 3 weeks to arrive and support was unreachable,-0.3818,0.169,0.5,0.331,Negative
CUST-0206,0.5,4,179.27,"Does the job adequately. No major complaints, but nothing exceptional.",2,does the job adequately no major complaints but nothing exceptional,-0.3506,0.0,0.699,0.301,Negative
CUST-0207,5.9,6,311.42,"Acceptable performance. It functions as described, but packaging was slightly dented.",2,acceptable performance it functions as described but packaging was slightly dented,0.1655,0.142,0.858,0.0,Positive
CUST-0208,59.9,5,112.55,Completely defective. The charging unit broke after 3 days of normal use.,0,completely defective the charging unit broke after 3 days of normal use,-0.7178,0.0,0.6,0.4,Negative
CUST-0209,0.3,6,146.9,"A bit pricey for what it delivers, but overall decent experience.",2,a bit pricey for what it delivers but overall decent experience,0.0,0.0,1.0,0.0,Neutral
CUST-0210,9.6,2,121.59,"A bit pricey for what it delivers, but overall decent experience.",0,a bit pricey for what it delivers but overall decent experience,0.0,0.0,1.0,0.0,Neutral
CUST-0211,43.8,5,236.85,"A bit pricey for what it delivers, but overall decent experience.",1,a bit pricey for what it delivers but overall decent experience,0.0,0.0,1.0,0.0,Neutral
CUST-0212,64.8,4,157.31,Do not recommend. Horrible return policy and unhelpful customer support.,0,do not recommend horrible return policy and unhelpful customer support,0.533,0.379,0.477,0.144,Positive
CUST-0213,58.0,4,146.94,Completely defective. The charging unit broke after 3 days of normal use.,0,completely defective the charging unit broke after 3 days of normal use,-0.7178,0.0,0.6,0.4,Negative
CUST-0214,14.0,6,224.56,"Acceptable performance. It functions as described, but packaging was slightly dented.",2,acceptable performance it functions as described but packaging was slightly dented,0.1655,0.142,0.858,0.0,Positive
CUST-0215,68.5,3,156.08,Extremely disappointed with build quality. Cheap plastic that feels fragile.,0,extremely disappointed with build quality cheap plastic that feels fragile,-0.5256,0.0,0.726,0.274,Negative
CUST-0216,14.9,4,232.04,Standard delivery time. Product is fine for routine everyday use.,2,standard delivery time product is fine for routine everyday use,0.2023,0.167,0.833,0.0,Positive
CUST-0217,21.6,7,86.39,"A bit pricey for what it delivers, but overall decent experience.",0,a bit pricey for what it delivers but overall decent experience,0.0,0.0,1.0,0.0,Neutral
CUST-0218,75.5,7,528.02,Do not recommend. Horrible return policy and unhelpful customer support.,1,do not recommend horrible return policy and unhelpful customer support,0.533,0.379,0.477,0.144,Positive
CUST-0219,57.7,6,444.9,"A bit pricey for what it delivers, but overall decent experience.",1,a bit pricey for what it delivers but overall decent experience,0.0,0.0,1.0,0.0,Neutral
CUST-0220,104.1,6,48.29,Extremely disappointed with build quality. Cheap plastic that feels fragile.,0,extremely disappointed with build quality cheap plastic that feels fragile,-0.5256,0.0,0.726,0.274,Negative
CUST-0221,58.9,6,417.28,Do not recommend. Horrible return policy and unhelpful customer support.,1,do not recommend horrible return policy and unhelpful customer support,0.533,0.379,0.477,0.144,Positive
CUST-0222,46.2,3,206.98,Extremely disappointed with build quality. Cheap plastic that feels fragile.,0,extremely disappointed with build quality cheap plastic that feels fragile,-0.5256,0.0,0.726,0.274,Negative
CUST-0223,5.4,6,300.05,"Acceptable performance. It functions as described, but packaging was slightly dented.",2,acceptable performance it functions as described but packaging was slightly dented,0.1655,0.142,0.858,0.0,Positive
CUST-0224,25.2,6,159.91,Standard delivery time. Product is fine for routine everyday use.,2,standard delivery time product is fine for routine everyday use,0.2023,0.167,0.833,0.0,Positive
CUST-0225,16.9,5,341.37,"A bit pricey for what it delivers, but overall decent experience.",2,a bit pricey for what it delivers but overall decent experience,0.0,0.0,1.0,0.0,Neutral
CUST-0226,15.4,4,182.63,"Does the job adequately. No major complaints, but nothing exceptional.",2,does the job adequately no major complaints but nothing exceptional,-0.3506,0.0,0.699,0.301,Negative
CUST-0227,198.7,3,179.64,Unacceptable delivery delay. Took 3 weeks to arrive and support was unreachable.,0,unacceptable delivery delay took 3 weeks to arrive and support was unreachable,-0.3818,0.169,0.5,0.331,Negative
CUST-0228,27.5,4,359.78,"Does the job adequately. No major complaints, but nothing exceptional.",2,does the job adequately no major complaints but nothing exceptional,-0.3506,0.0,0.699,0.301,Negative
CUST-0229,122.4,4,218.13,Unacceptable delivery delay. Took 3 weeks to arrive and support was unreachable.,0,unacceptable delivery delay took 3 weeks to arrive and support was unreachable,-0.3818,0.169,0.5,0.331,Negative
CUST-0230,54.9,6,200.98,Unacceptable delivery delay. Took 3 weeks to arrive and support was unreachable.,1,unacceptable delivery delay took 3 weeks to arrive and support was unreachable,-0.3818,0.169,0.5,0.331,Negative
CUST-0231,87.1,7,307.7,Extremely disappointed with build quality. Cheap plastic that feels fragile.,1,extremely disappointed with build quality cheap plastic that feels fragile,-0.5256,0.0,0.726,0.274,Negative
CUST-0232,38.4,5,178.95,"Acceptable performance. It functions as described, but packaging was slightly dented.",0,acceptable performance it functions as described but packaging was slightly dented,0.1655,0.142,0.858,0.0,Positive
CUST-0233,47.3,4,231.21,Extremely disappointed with build quality. Cheap plastic that feels fragile.,0,extremely disappointed with build quality cheap plastic that feels fragile,-0.5256,0.0,0.726,0.274,Negative
CUST-0234,37.3,6,212.94,"Does the job adequately. No major complaints, but nothing exceptional.",1,does the job adequately no major complaints but nothing exceptional,-0.3506,0.0,0.699,0.301,Negative
CUST-0235,11.9,8,331.91,"Does the job adequately. No major complaints, but nothing exceptional.",1,does the job adequately no major complaints but nothing exceptional,-0.3506,0.0,0.699,0.301,Negative
CUST-0236,70.5,6,161.28,Unacceptable delivery delay. Took 3 weeks to arrive and support was unreachable.,1,unacceptable delivery delay took 3 weeks to arrive and support was unreachable,-0.3818,0.169,0.5,0.331,Negative
CUST-0237,18.1,4,190.49,Standard delivery time. Product is fine for routine everyday use.,2,standard delivery time product is fine for routine everyday use,0.2023,0.167,0.833,0.0,Positive
CUST-0238,1.4,6,319.09,"Acceptable performance. It functions as described, but packaging was slightly dented.",2,acceptable performance it functions as described but packaging was slightly dented,0.1655,0.142,0.858,0.0,Positive
CUST-0239,57.0,8,13.39,Extremely disappointed with build quality. Cheap plastic that feels fragile.,0,extremely disappointed with build quality cheap plastic that feels fragile,-0.5256,0.0,0.726,0.274,Negative
CUST-0240,10.7,8,437.38,"Does the job adequately. No major complaints, but nothing exceptional.",1,does the job adequately no major complaints but nothing exceptional,-0.3506,0.0,0.699,0.301,Negative
CUST-0241,155.2,4,196.71,Unacceptable delivery delay. Took 3 weeks to arrive and support was unreachable.,0,unacceptable delivery delay took 3 weeks to arrive and support was unreachable,-0.3818,0.169,0.5,0.331,Negative
CUST-0242,169.3,8,289.84,Completely defective. The charging unit broke after 3 days of normal use.,1,completely defective the charging unit broke after 3 days of normal use,-0.7178,0.0,0.6,0.4,Negative
CUST-0243,135.5,5,432.58,Do not recommend. Horrible return policy and unhelpful customer support.,1,do not recommend horrible return policy and unhelpful customer support,0.533,0.379,0.477,0.144,Positive
CUST-0244,25.4,3,201.76,Standard delivery time. Product is fine for routine everyday use.,0,standard delivery time product is fine for routine everyday use,0.2023,0.167,0.833,0.0,Positive
CUST-0245,0.9,6,181.59,"Does the job adequately. No major complaints, but nothing exceptional.",2,does the job adequately no major complaints but nothing exceptional,-0.3506,0.0,0.699,0.301,Negative
CUST-0246,145.0,4,260.35,Completely defective. The charging unit broke after 3 days of normal use.,0,completely defective the charging unit broke after 3 days of normal use,-0.7178,0.0,0.6,0.4,Negative
CUST-0247,30.7,4,289.6,"Acceptable performance. It functions as described, but packaging was slightly dented.",2,acceptable performance it functions as described but packaging was slightly dented,0.1655,0.142,0.858,0.0,Positive
CUST-0248,187.0,4,209.51,Do not recommend. Horrible return policy and unhelpful customer support.,0,do not recommend horrible return policy and unhelpful customer support,0.533,0.379,0.477,0.144,Positive
CUST-0249,182.3,5,282.53,Extremely disappointed with build quality. Cheap plastic that feels fragile.,1,extremely disappointed with build quality cheap plastic that feels fragile,-0.5256,0.0,0.726,0.274,Negative
CUST-0250,105.5,2,112.18,Do not recommend. Horrible return policy and unhelpful customer support.,0,do not recommend horrible return policy and unhelpful customer support,0.533,0.379,0.477,0.144,Positive
CUST-0251,19.2,4,49.82,Standard delivery time. Product is fine for routine everyday use.,0,standard delivery time product is fine for routine everyday use,0.2023,0.167,0.833,0.0,Positive
CUST-0252,26.7,8,373.09,"A bit pricey for what it delivers, but overall decent experience.",1,a bit pricey for what it delivers but overall decent experience,0.0,0.0,1.0,0.0,Neutral
CUST-0253,104.8,4,182.8,Unacceptable delivery delay. Took 3 weeks to arrive and support was unreachable.,0,unacceptable delivery delay took 3 weeks to arrive and support was unreachable,-0.3818,0.169,0.5,0.331,Negative
CUST-0254,21.0,6,454.46,"Does the job adequately. No major complaints, but nothing exceptional.",1,does the job adequately no major complaints but nothing exceptional,-0.3506,0.0,0.699,0.301,Negative
CUST-0255,10.2,3,168.02,"A bit pricey for what it delivers, but overall decent experience.",2,a bit pricey for what it delivers but overall decent experience,0.0,0.0,1.0,0.0,Neutral
CUST-0256,44.8,4,178.57,Unacceptable delivery delay. Took 3 weeks to arrive and support was unreachable.,0,unacceptable delivery delay took 3 weeks to arrive and support was unreachable,-0.3818,0.169,0.5,0.331,Negative
CUST-0257,151.3,2,96.76,Do not recommend. Horrible return policy and unhelpful customer support.,0,do not recommend horrible return policy and unhelpful customer support,0.533,0.379,0.477,0.144,Positive
CUST-0258,65.5,6,410.53,Do not recommend. Horrible return policy and unhelpful customer support.,1,do not recommend horrible return policy and unhelpful customer support,0.533,0.379,0.477,0.144,Positive
CUST-0259,46.4,5,233.39,"A bit pricey for what it delivers, but overall decent experience.",1,a bit pricey for what it delivers but overall decent experience,0.0,0.0,1.0,0.0,Neutral
CUST-0260,5.6,4,149.73,"Does the job adequately. No major complaints, but nothing exceptional.",2,does the job adequately no major complaints but nothing exceptional,-0.3506,0.0,0.699,0.301,Negative
CUST-0261,52.5,8,360.3,"Acceptable performance. It functions as described, but packaging was slightly dented.",1,acceptable performance it functions as described but packaging was slightly dented,0.1655,0.142,0.858,0.0,Positive
CUST-0262,253.6,5,334.66,Unacceptable delivery delay. Took 3 weeks to arrive and support was unreachable.,1,unacceptable delivery delay took 3 weeks to arrive and support was unreachable,-0.3818,0.169,0.5,0.331,Negative
CUST-0263,8.3,8,471.45,Standard delivery time. Product is fine for routine everyday use.,1,standard delivery time product is fine for routine everyday use,0.2023,0.167,0.833,0.0,Positive
CUST-0264,40.2,6,304.78,"Does the job adequately. No major complaints, but nothing exceptional.",1,does the job adequately no major complaints but nothing exceptional,-0.3506,0.0,0.699,0.301,Negative
CUST-0265,115.4,3,160.34,Do not recommend. Horrible return policy and unhelpful customer support.,0,do not recommend horrible return policy and unhelpful customer support,0.533,0.379,0.477,0.144,Positive
CUST-0266,74.3,2,79.85,Completely defective. The charging unit broke after 3 days of normal use.,0,completely defective the charging unit broke after 3 days of normal use,-0.7178,0.0,0.6,0.4,Negative
CUST-0267,65.7,7,325.56,Extremely disappointed with build quality. Cheap plastic that feels fragile.,1,extremely disappointed with build quality cheap plastic that feels fragile,-0.5256,0.0,0.726,0.274,Negative
CUST-0268,66.7,3,114.18,Do not recommend. Horrible return policy and unhelpful customer support.,0,do not recommend horrible return policy and unhelpful customer support,0.533,0.379,0.477,0.144,Positive
CUST-0269,24.5,4,178.78,"Does the job adequately. No major complaints, but nothing exceptional.",0,does the job adequately no major complaints but nothing exceptional,-0.3506,0.0,0.699,0.301,Negative
CUST-0270,19.1,4,296.92,"Does the job adequately. No major complaints, but nothing exceptional.",2,does the job adequately no major complaints but nothing exceptional,-0.3506,0.0,0.699,0.301,Negative
CUST-0271,91.2,4,122.39,Do not recommend. Horrible return policy and unhelpful customer support.,0,do not recommend horrible return policy and unhelpful customer support,0.533,0.379,0.477,0.144,Positive
CUST-0272,91.4,5,188.02,Unacceptable delivery delay. Took 3 weeks to arrive and support was unreachable.,0,unacceptable delivery delay took 3 weeks to arrive and support was unreachable,-0.3818,0.169,0.5,0.331,Negative
CUST-0273,111.0,10,274.23,Do not recommend. Horrible return policy and unhelpful customer support.,1,do not recommend horrible return policy and unhelpful customer support,0.533,0.379,0.477,0.144,Positive
CUST-0274,134.5,5,117.62,Unacceptable delivery delay. Took 3 weeks to arrive and support was unreachable.,0,unacceptable delivery delay took 3 weeks to arrive and support was unreachable,-0.3818,0.169,0.5,0.331,Negative
CUST-0275,39.4,5,233.19,"Does the job adequately. No major complaints, but nothing exceptional.",1,does the job adequately no major complaints but nothing exceptional,-0.3506,0.0,0.699,0.301,Negative
CUST-0276,38.3,8,311.06,"A bit pricey for what it delivers, but overall decent experience.",1,a bit pricey for what it delivers but overall decent experience,0.0,0.0,1.0,0.0,Neutral
CUST-0277,88.1,8,653.68,Completely defective. The charging unit broke after 3 days of normal use.,1,completely defective the charging unit broke after 3 days of normal use,-0.7178,0.0,0.6,0.4,Negative
CUST-0278,57.7,5,224.54,Extremely disappointed with build quality. Cheap plastic that feels fragile.,1,extremely disappointed with build quality cheap plastic that feels fragile,-0.5256,0.0,0.726,0.274,Negative
CUST-0279,66.6,4,292.84,Do not recommend. Horrible return policy and unhelpful customer support.,1,do not recommend horrible return policy and unhelpful customer support,0.533,0.379,0.477,0.144,Positive
CUST-0280,87.4,7,471.97,Do not recommend. Horrible return policy and unhelpful customer support.,1,do not recommend horrible return policy and unhelpful customer support,0.533,0.379,0.477,0.144,Positive
CUST-0281,121.4,7,323.67,Do not recommend. Horrible return policy and unhelpful customer support.,1,do not recommend horrible return policy and unhelpful customer support,0.533,0.379,0.477,0.144,Positive
CUST-0282,22.7,1,87.98,"A bit pricey for what it delivers, but overall decent experience.",0,a bit pricey for what it delivers but overall decent experience,0.0,0.0,1.0,0.0,Neutral
CUST-0283,25.9,4,219.33,"Does the job adequately. No major complaints, but nothing exceptional.",0,does the job adequately no major complaints but nothing exceptional,-0.3506,0.0,0.699,0.301,Negative
CUST-0284,5.4,6,463.41,"A bit pricey for what it delivers, but overall decent experience.",2,a bit pricey for what it delivers but overall decent experience,0.0,0.0,1.0,0.0,Neutral
CUST-0285,47.5,5,375.69,Standard delivery time. Product is fine for routine everyday use.,1,standard delivery time product is fine for routine everyday use,0.2023,0.167,0.833,0.0,Positive
CUST-0286,2.0,4,229.85,"Acceptable performance. It functions as described, but packaging was slightly dented.",2,acceptable performance it functions as described but packaging was slightly dented,0.1655,0.142,0.858,0.0,Positive
CUST-0287,34.5,4,254.08,"Acceptable performance. It functions as described, but packaging was slightly dented.",0,acceptable performance it functions as described but packaging was slightly dented,0.1655,0.142,0.858,0.0,Positive
CUST-0288,43.0,8,489.87,"A bit pricey for what it delivers, but overall decent experience.",1,a bit pricey for what it delivers but overall decent experience,0.0,0.0,1.0,0.0,Neutral
CUST-0289,18.6,4,117.61,Standard delivery time. Product is fine for routine everyday use.,0,standard delivery time product is fine for routine everyday use,0.2023,0.167,0.833,0.0,Positive
CUST-0290,49.1,4,204.12,Extremely disappointed with build quality. Cheap plastic that feels fragile.,0,extremely disappointed with build quality cheap plastic that feels fragile,-0.5256,0.0,0.726,0.274,Negative
CUST-0291,1.7,4,277.35,Standard delivery time. Product is fine for routine everyday use.,2,standard delivery time product is fine for routine everyday use,0.2023,0.167,0.833,0.0,Positive
CUST-0292,2.1,7,542.3,"Does the job adequately. No major complaints, but nothing exceptional.",2,does the job adequately no major complaints but nothing exceptional,-0.3506,0.0,0.699,0.301,Negative
CUST-0293,95.1,4,148.11,Unacceptable delivery delay. Took 3 weeks to arrive and support was unreachable.,0,unacceptable delivery delay took 3 weeks to arrive and support was unreachable,-0.3818,0.169,0.5,0.331,Negative
CUST-0294,24.6,7,416.63,Standard delivery time. Product is fine for routine everyday use.,1,standard delivery time product is fine for routine everyday use,0.2023,0.167,0.833,0.0,Positive
CUST-0295,7.5,3,158.15,Standard delivery time. Product is fine for routine everyday use.,2,standard delivery time product is fine for routine everyday use,0.2023,0.167,0.833,0.0,Positive
CUST-0296,40.6,8,383.03,"Acceptable performance. It functions as described, but packaging was slightly dented.",1,acceptable performance it functions as described but packaging was slightly dented,0.1655,0.142,0.858,0.0,Positive
CUST-0297,80.8,5,282.04,Unacceptable delivery delay. Took 3 weeks to arrive and support was unreachable.,1,unacceptable delivery delay took 3 weeks to arrive and support was unreachable,-0.3818,0.169,0.5,0.331,Negative
CUST-0298,13.4,5,269.62,"Does the job adequately. No major complaints, but nothing exceptional.",2,does the job adequately no major complaints but nothing exceptional,-0.3506,0.0,0.699,0.301,Negative
CUST-0299,53.6,2,119.49,Do not recommend. Horrible return policy and unhelpful customer support.,0,do not recommend horrible return policy and unhelpful customer support,0.533,0.379,0.477,0.144,Positive
CUST-0300,4.9,6,455.71,"Does the job adequately. No major complaints, but nothing exceptional.",2,does the job adequately no major complaints but nothing exceptional,-0.3506,0.0,0.699,0.301,Negative
CUST-0301,2.9,7,448.8,Standard delivery time. Product is fine for routine everyday use.,2,standard delivery time product is fine for routine everyday use,0.2023,0.167,0.833,0.0,Positive
CUST-0302,41.7,2,111.18,Extremely disappointed with build quality. Cheap plastic that feels fragile.,0,extremely disappointed with build quality cheap plastic that feels fragile,-0.5256,0.0,0.726,0.274,Negative
CUST-0303,42.8,6,501.38,"A bit pricey for what it delivers, but overall decent experience.",1,a bit pricey for what it delivers but overall decent experience,0.0,0.0,1.0,0.0,Neutral
CUST-0304,55.8,6,419.87,"Does the job adequately. No major complaints, but nothing exceptional.",1,does the job adequately no major complaints but nothing exceptional,-0.3506,0.0,0.699,0.301,Negative
CUST-0305,71.2,2,96.67,Completely defective. The charging unit broke after 3 days of normal use.,0,completely defective the charging unit broke after 3 days of normal use,-0.7178,0.0,0.6,0.4,Negative
CUST-0306,204.8,4,112.37,Extremely disappointed with build quality. Cheap plastic that feels fragile.,0,extremely disappointed with build quality cheap plastic that feels fragile,-0.5256,0.0,0.726,0.274,Negative
CUST-0307,39.9,5,161.1,Standard delivery time. Product is fine for routine everyday use.,0,standard delivery time product is fine for routine everyday use,0.2023,0.167,0.833,0.0,Positive
CUST-0308,21.5,2,133.6,"A bit pricey for what it delivers, but overall decent experience.",0,a bit pricey for what it delivers but overall decent experience,0.0,0.0,1.0,0.0,Neutral
CUST-0309,87.2,3,115.96,Do not recommend. Horrible return policy and unhelpful customer support.,0,do not recommend horrible return policy and unhelpful customer support,0.533,0.379,0.477,0.144,Positive
CUST-0310,17.4,5,159.28,"Acceptable performance. It functions as described, but packaging was slightly dented.",2,acceptable performance it functions as described but packaging was slightly dented,0.1655,0.142,0.858,0.0,Positive
CUST-0311,31.8,5,181.77,"A bit pricey for what it delivers, but overall decent experience.",0,a bit pricey for what it delivers but overall decent experience,0.0,0.0,1.0,0.0,Neutral
CUST-0312,4.5,6,225.76,"A bit pricey for what it delivers, but overall decent experience.",2,a bit pricey for what it delivers but overall decent experience,0.0,0.0,1.0,0.0,Neutral
CUST-0313,1.4,6,391.87,"Does the job adequately. No major complaints, but nothing exceptional.",2,does the job adequately no major complaints but nothing exceptional,-0.3506,0.0,0.699,0.301,Negative
CUST-0314,180.8,2,94.36,Completely defective. The charging unit broke after 3 days of normal use.,0,completely defective the charging unit broke after 3 days of normal use,-0.7178,0.0,0.6,0.4,Negative
CUST-0315,99.4,5,126.49,Completely defective. The charging unit broke after 3 days of normal use.,0,completely defective the charging unit broke after 3 days of normal use,-0.7178,0.0,0.6,0.4,Negative
CUST-0316,65.5,4,202.24,Do not recommend. Horrible return policy and unhelpful customer support.,0,do not recommend horrible return policy and unhelpful customer support,0.533,0.379,0.477,0.144,Positive
CUST-0317,28.9,4,216.0,Standard delivery time. Product is fine for routine everyday use.,0,standard delivery time product is fine for routine everyday use,0.2023,0.167,0.833,0.0,Positive
CUST-0318,10.5,7,289.6,"A bit pricey for what it delivers, but overall decent experience.",2,a bit pricey for what it delivers but overall decent experience,0.0,0.0,1.0,0.0,Neutral
CUST-0319,9.4,4,283.22,Standard delivery time. Product is fine for routine everyday use.,2,standard delivery time product is fine for routine everyday use,0.2023,0.167,0.833,0.0,Positive
CUST-0320,15.8,4,169.69,"A bit pricey for what it delivers, but overall decent experience.",2,a bit pricey for what it delivers but overall decent experience,0.0,0.0,1.0,0.0,Neutral
CUST-0321,43.8,3,209.85,Extremely disappointed with build quality. Cheap plastic that feels fragile.,0,extremely disappointed with build quality cheap plastic that feels fragile,-0.5256,0.0,0.726,0.274,Negative
CUST-0322,69.0,7,425.19,Unacceptable delivery delay. Took 3 weeks to arrive and support was unreachable.,1,unacceptable delivery delay took 3 weeks to arrive and support was unreachable,-0.3818,0.169,0.5,0.331,Negative
CUST-0323,59.4,5,333.39,Do not recommend. Horrible return policy and unhelpful customer support.,1,do not recommend horrible return policy and unhelpful customer support,0.533,0.379,0.477,0.144,Positive
CUST-0324,18.1,4,120.9,"Does the job adequately. No major complaints, but nothing exceptional.",0,does the job adequately no major complaints but nothing exceptional,-0.3506,0.0,0.699,0.301,Negative
CUST-0325,170.4,5,258.85,Extremely disappointed with build quality. Cheap plastic that feels fragile.,1,extremely disappointed with build quality cheap plastic that feels fragile,-0.5256,0.0,0.726,0.274,Negative
CUST-0326,73.6,6,294.29,Do not recommend. Horrible return policy and unhelpful customer support.,1,do not recommend horrible return policy and unhelpful customer support,0.533,0.379,0.477,0.144,Positive
CUST-0327,44.5,7,170.83,"A bit pricey for what it delivers, but overall decent experience.",1,a bit pricey for what it delivers but overall decent experience,0.0,0.0,1.0,0.0,Neutral
CUST-0328,52.0,8,559.13,"Does the job adequately. No major complaints, but nothing exceptional.",1,does the job adequately no major complaints but nothing exceptional,-0.3506,0.0,0.699,0.301,Negative
CUST-0329,29.9,5,176.43,"A bit pricey for what it delivers, but overall decent experience.",0,a bit pricey for what it delivers but overall decent experience,0.0,0.0,1.0,0.0,Neutral
CUST-0330,15.7,5,195.14,"Does the job adequately. No major complaints, but nothing exceptional.",2,does the job adequately no major complaints but nothing exceptional,-0.3506,0.0,0.699,0.301,Negative
CUST-0331,24.2,7,222.32,"Acceptable performance. It functions as described, but packaging was slightly dented.",1,acceptable performance it functions as described but packaging was slightly dented,0.1655,0.142,0.858,0.0,Positive
CUST-0332,78.0,4,250.49,Unacceptable delivery delay. Took 3 weeks to arrive and support was unreachable.,0,unacceptable delivery delay took 3 weeks to arrive and support was unreachable,-0.3818,0.169,0.5,0.331,Negative
CUST-0333,0.8,5,112.67,"Acceptable performance. It functions as described, but packaging was slightly dented.",2,acceptable performance it functions as described but packaging was slightly dented,0.1655,0.142,0.858,0.0,Positive
CUST-0334,6.8,7,427.85,Standard delivery time. Product is fine for routine everyday use.,2,standard delivery time product is fine for routine everyday use,0.2023,0.167,0.833,0.0,Positive
CUST-0335,2.6,7,481.61,Standard delivery time. Product is fine for routine everyday use.,2,standard delivery time product is fine for routine everyday use,0.2023,0.167,0.833,0.0,Positive
CUST-0336,2.3,4,238.68,"A bit pricey for what it delivers, but overall decent experience.",2,a bit pricey for what it delivers but overall decent experience,0.0,0.0,1.0,0.0,Neutral
CUST-0337,106.4,3,188.48,Unacceptable delivery delay. Took 3 weeks to arrive and support was unreachable.,0,unacceptable delivery delay took 3 weeks to arrive and support was unreachable,-0.3818,0.169,0.5,0.331,Negative
CUST-0338,66.9,9,573.05,"Acceptable performance. It functions as described, but packaging was slightly dented.",1,acceptable performance it functions as described but packaging was slightly dented,0.1655,0.142,0.858,0.0,Positive
CUST-0339,35.4,5,164.55,"Acceptable performance. It functions as described, but packaging was slightly dented.",0,acceptable performance it functions as described but packaging was slightly dented,0.1655,0.142,0.858,0.0,Positive
CUST-0340,5.7,5,379.13,"Does the job adequately. No major complaints, but nothing exceptional.",2,does the job adequately no major complaints but nothing exceptional,-0.3506,0.0,0.699,0.301,Negative
CUST-0341,37.2,5,208.59,"Acceptable performance. It functions as described, but packaging was slightly dented.",0,acceptable performance it functions as described but packaging was slightly dented,0.1655,0.142,0.858,0.0,Positive
CUST-0342,35.3,2,97.61,Do not recommend. Horrible return policy and unhelpful customer support.,0,do not recommend horrible return policy and unhelpful customer support,0.533,0.379,0.477,0.144,Positive
CUST-0343,10.5,11,484.14,Standard delivery time. Product is fine for routine everyday use.,1,standard delivery time product is fine for routine everyday use,0.2023,0.167,0.833,0.0,Positive
CUST-0344,31.3,7,411.93,"Acceptable performance. It functions as described, but packaging was slightly dented.",1,acceptable performance it functions as described but packaging was slightly dented,0.1655,0.142,0.858,0.0,Positive
CUST-0345,28.0,2,80.63,Standard delivery time. Product is fine for routine everyday use.,0,standard delivery time product is fine for routine everyday use,0.2023,0.167,0.833,0.0,Positive
CUST-0346,52.6,9,460.84,"Acceptable performance. It functions as described, but packaging was slightly dented.",1,acceptable performance it functions as described but packaging was slightly dented,0.1655,0.142,0.858,0.0,Positive
CUST-0347,55.4,7,194.35,Completely defective. The charging unit broke after 3 days of normal use.,1,completely defective the charging unit broke after 3 days of normal use,-0.7178,0.0,0.6,0.4,Negative
CUST-0348,2.5,4,283.86,"Does the job adequately. No major complaints, but nothing exceptional.",2,does the job adequately no major complaints but nothing exceptional,-0.3506,0.0,0.699,0.301,Negative
CUST-0349,25.8,1,62.07,Standard delivery time. Product is fine for routine everyday use.,0,standard delivery time product is fine for routine everyday use,0.2023,0.167,0.833,0.0,Positive
CUST-0350,54.1,5,223.7,Completely defective. The charging unit broke after 3 days of normal use.,1,completely defective the charging unit broke after 3 days of normal use,-0.7178,0.0,0.6,0.4,Negative
CUST-0351,38.5,6,249.33,"A bit pricey for what it delivers, but overall decent experience.",1,a bit pricey for what it delivers but overall decent experience,0.0,0.0,1.0,0.0,Neutral
CUST-0352,106.8,3,184.81,Unacceptable delivery delay. Took 3 weeks to arrive and support was unreachable.,0,unacceptable delivery delay took 3 weeks to arrive and support was unreachable,-0.3818,0.169,0.5,0.331,Negative
CUST-0353,59.1,3,111.81,Unacceptable delivery delay. Took 3 weeks to arrive and support was unreachable.,0,unacceptable delivery delay took 3 weeks to arrive and support was unreachable,-0.3818,0.169,0.5,0.331,Negative
CUST-0354,9.8,5,261.28,Standard delivery time. Product is fine for routine everyday use.,2,standard delivery time product is fine for routine everyday use,0.2023,0.167,0.833,0.0,Positive
CUST-0355,4.0,4,283.62,"Does the job adequately. No major complaints, but nothing exceptional.",2,does the job adequately no major complaints but nothing exceptional,-0.3506,0.0,0.699,0.301,Negative
CUST-0356,56.6,8,283.18,Extremely disappointed with build quality. Cheap plastic that feels fragile.,1,extremely disappointed with build quality cheap plastic that feels fragile,-0.5256,0.0,0.726,0.274,Negative
CUST-0357,1.5,8,453.08,Standard delivery time. Product is fine for routine everyday use.,2,standard delivery time product is fine for routine everyday use,0.2023,0.167,0.833,0.0,Positive
CUST-0358,48.5,4,222.73,Completely defective. The charging unit broke after 3 days of normal use.,0,completely defective the charging unit broke after 3 days of normal use,-0.7178,0.0,0.6,0.4,Negative
CUST-0359,154.9,8,385.98,Completely defective. The charging unit broke after 3 days of normal use.,1,completely defective the charging unit broke after 3 days of normal use,-0.7178,0.0,0.6,0.4,Negative
CUST-0360,47.1,2,81.86,Do not recommend. Horrible return policy and unhelpful customer support.,0,do not recommend horrible return policy and unhelpful customer support,0.533,0.379,0.477,0.144,Positive
CUST-0361,27.0,3,215.6,"Acceptable performance. It functions as described, but packaging was slightly dented.",0,acceptable performance it functions as described but packaging was slightly dented,0.1655,0.142,0.858,0.0,Positive
CUST-0362,56.7,4,156.98,Unacceptable delivery delay. Took 3 weeks to arrive and support was unreachable.,0,unacceptable delivery delay took 3 weeks to arrive and support was unreachable,-0.3818,0.169,0.5,0.331,Negative
CUST-0363,33.7,4,69.53,"Acceptable performance. It functions as described, but packaging was slightly dented.",0,acceptable performance it functions as described but packaging was slightly dented,0.1655,0.142,0.858,0.0,Positive
CUST-0364,43.4,3,184.59,Unacceptable delivery delay. Took 3 weeks to arrive and support was unreachable.,0,unacceptable delivery delay took 3 weeks to arrive and support was unreachable,-0.3818,0.169,0.5,0.331,Negative
CUST-0365,156.1,1,28.38,Completely defective. The charging unit broke after 3 days of normal use.,0,completely defective the charging unit broke after 3 days of normal use,-0.7178,0.0,0.6,0.4,Negative
CUST-0366,26.8,2,124.91,"A bit pricey for what it delivers, but overall decent experience.",0,a bit pricey for what it delivers but overall decent experience,0.0,0.0,1.0,0.0,Neutral
CUST-0367,178.7,4,296.11,Do not recommend. Horrible return policy and unhelpful customer support.,1,do not recommend horrible return policy and unhelpful customer support,0.533,0.379,0.477,0.144,Positive
CUST-0368,129.7,5,306.68,Do not recommend. Horrible return policy and unhelpful customer support.,1,do not recommend horrible return policy and unhelpful customer support,0.533,0.379,0.477,0.144,Positive
CUST-0369,12.0,4,277.14,"A bit pricey for what it delivers, but overall decent experience.",2,a bit pricey for what it delivers but overall decent experience,0.0,0.0,1.0,0.0,Neutral
CUST-0370,4.0,6,518.17,"A bit pricey for what it delivers, but overall decent experience.",2,a bit pricey for what it delivers but overall decent experience,0.0,0.0,1.0,0.0,Neutral
CUST-0371,5.8,7,471.81,"Does the job adequately. No major complaints, but nothing exceptional.",2,does the job adequately no major complaints but nothing exceptional,-0.3506,0.0,0.699,0.301,Negative
CUST-0372,1.0,4,223.8,"A bit pricey for what it delivers, but overall decent experience.",2,a bit pricey for what it delivers but overall decent experience,0.0,0.0,1.0,0.0,Neutral
CUST-0373,5.5,3,238.23,Standard delivery time. Product is fine for routine everyday use.,2,standard delivery time product is fine for routine everyday use,0.2023,0.167,0.833,0.0,Positive
CUST-0374,63.2,4,326.34,Completely defective. The charging unit broke after 3 days of normal use.,1,completely defective the charging unit broke after 3 days of normal use,-0.7178,0.0,0.6,0.4,Negative
CUST-0375,4.1,4,327.35,"Does the job adequately. No major complaints, but nothing exceptional.",2,does the job adequately no major complaints but nothing exceptional,-0.3506,0.0,0.699,0.301,Negative
CUST-0376,21.1,4,164.57,"A bit pricey for what it delivers, but overall decent experience.",0,a bit pricey for what it delivers but overall decent experience,0.0,0.0,1.0,0.0,Neutral
CUST-0377,102.5,7,179.39,Unacceptable delivery delay. Took 3 weeks to arrive and support was unreachable.,1,unacceptable delivery delay took 3 weeks to arrive and support was unreachable,-0.3818,0.169,0.5,0.331,Negative
CUST-0378,1.3,8,320.34,"Does the job adequately. No major complaints, but nothing exceptional.",2,does the job adequately no major complaints but nothing exceptional,-0.3506,0.0,0.699,0.301,Negative
CUST-0379,92.6,3,188.0,Extremely disappointed with build quality. Cheap plastic that feels fragile.,0,extremely disappointed with build quality cheap plastic that feels fragile,-0.5256,0.0,0.726,0.274,Negative
CUST-0380,18.2,5,264.32,"Does the job adequately. No major complaints, but nothing exceptional.",2,does the job adequately no major complaints but nothing exceptional,-0.3506,0.0,0.699,0.301,Negative
CUST-0381,6.9,4,185.13,"A bit pricey for what it delivers, but overall decent experience.",2,a bit pricey for what it delivers but overall decent experience,0.0,0.0,1.0,0.0,Neutral
CUST-0382,65.6,7,420.62,Do not recommend. Horrible return policy and unhelpful customer support.,1,do not recommend horrible return policy and unhelpful customer support,0.533,0.379,0.477,0.144,Positive
CUST-0383,54.5,9,211.73,Standard delivery time. Product is fine for routine everyday use.,1,standard delivery time product is fine for routine everyday use,0.2023,0.167,0.833,0.0,Positive
CUST-0384,115.5,6,315.25,Unacceptable delivery delay. Took 3 weeks to arrive and support was unreachable.,1,unacceptable delivery delay took 3 weeks to arrive and support was unreachable,-0.3818,0.169,0.5,0.331,Negative
CUST-0385,73.1,5,350.66,Completely defective. The charging unit broke after 3 days of normal use.,1,completely defective the charging unit broke after 3 days of normal use,-0.7178,0.0,0.6,0.4,Negative
CUST-0386,89.5,2,119.78,Do not recommend. Horrible return policy and unhelpful customer support.,0,do not recommend horrible return policy and unhelpful customer support,0.533,0.379,0.477,0.144,Positive
CUST-0387,18.2,3,187.36,"Acceptable performance. It functions as described, but packaging was slightly dented.",0,acceptable performance it functions as described but packaging was slightly dented,0.1655,0.142,0.858,0.0,Positive
CUST-0388,10.7,6,472.52,"Does the job adequately. No major complaints, but nothing exceptional.",2,does the job adequately no major complaints but nothing exceptional,-0.3506,0.0,0.699,0.301,Negative
CUST-0389,76.4,6,292.86,Extremely disappointed with build quality. Cheap plastic that feels fragile.,1,extremely disappointed with build quality cheap plastic that feels fragile,-0.5256,0.0,0.726,0.274,Negative
CUST-0390,90.4,4,152.98,Extremely disappointed with build quality. Cheap plastic that feels fragile.,0,extremely disappointed with build quality cheap plastic that feels fragile,-0.5256,0.0,0.726,0.274,Negative
CUST-0391,256.1,2,142.82,Completely defective. The charging unit broke after 3 days of normal use.,0,completely defective the charging unit broke after 3 days of normal use,-0.7178,0.0,0.6,0.4,Negative
CUST-0392,29.3,2,142.16,"Does the job adequately. No major complaints, but nothing exceptional.",0,does the job adequately no major complaints but nothing exceptional,-0.3506,0.0,0.699,0.301,Negative
CUST-0393,25.6,5,300.25,"Acceptable performance. It functions as described, but packaging was slightly dented.",1,acceptable performance it functions as described but packaging was slightly dented,0.1655,0.142,0.858,0.0,Positive
CUST-0394,82.4,9,424.02,Unacceptable delivery delay. Took 3 weeks to arrive and support was unreachable.,1,unacceptable delivery delay took 3 weeks to arrive and support was unreachable,-0.3818,0.169,0.5,0.331,Negative
CUST-0395,22.9,4,200.1,"Acceptable performance. It functions as described, but packaging was slightly dented.",0,acceptable performance it functions as described but packaging was slightly dented,0.1655,0.142,0.858,0.0,Positive
CUST-0396,146.9,7,189.13,Completely defective. The charging unit broke after 3 days of normal use.,1,completely defective the charging unit broke after 3 days of normal use,-0.7178,0.0,0.6,0.4,Negative
CUST-0397,107.5,2,140.07,Extremely disappointed with build quality. Cheap plastic that feels fragile.,0,extremely disappointed with build quality cheap plastic that feels fragile,-0.5256,0.0,0.726,0.274,Negative
CUST-0398,30.8,5,346.99,"Acceptable performance. It functions as described, but packaging was slightly dented.",1,acceptable performance it functions as described but packaging was slightly dented,0.1655,0.142,0.858,0.0,Positive
CUST-0399,76.4,5,131.95,Do not recommend. Horrible return policy and unhelpful customer support.,0,do not recommend horrible return policy and unhelpful customer support,0.533,0.379,0.477,0.144,Positive
CUST-0400,77.3,7,459.32,Extremely disappointed with build quality. Cheap plastic that feels fragile.,1,extremely disappointed with build quality cheap plastic that feels fragile,-0.5256,0.0,0.726,0.274,Negative
CUST-0401,6.0,2,114.55,"Acceptable performance. It functions as described, but packaging was slightly dented.",0,acceptable performance it functions as described but packaging was slightly dented,0.1655,0.142,0.858,0.0,Positive
CUST-0402,128.1,8,252.84,Unacceptable delivery delay. Took 3 weeks to arrive and support was unreachable.,1,unacceptable delivery delay took 3 weeks to arrive and support was unreachable,-0.3818,0.169,0.5,0.331,Negative
CUST-0403,38.7,3,84.88,Completely defective. The charging unit broke after 3 days of normal use.,0,completely defective the charging unit broke after 3 days of normal use,-0.7178,0.0,0.6,0.4,Negative
CUST-0404,96.3,6,340.34,Completely defective. The charging unit broke after 3 days of normal use.,1,completely defective the charging unit broke after 3 days of normal use,-0.7178,0.0,0.6,0.4,Negative
CUST-0405,21.2,7,299.89,"Acceptable performance. It functions as described, but packaging was slightly dented.",1,acceptable performance it functions as described but packaging was slightly dented,0.1655,0.142,0.858,0.0,Positive
CUST-0406,124.2,8,662.07,Extremely disappointed with build quality. Cheap plastic that feels fragile.,1,extremely disappointed with build quality cheap plastic that feels fragile,-0.5256,0.0,0.726,0.274,Negative
CUST-0407,27.1,6,402.88,"Does the job adequately. No major complaints, but nothing exceptional.",1,does the job adequately no major complaints but nothing exceptional,-0.3506,0.0,0.699,0.301,Negative
CUST-0408,0.6,5,292.63,Standard delivery time. Product is fine for routine everyday use.,2,standard delivery time product is fine for routine everyday use,0.2023,0.167,0.833,0.0,Positive
CUST-0409,129.7,6,356.49,Completely defective. The charging unit broke after 3 days of normal use.,1,completely defective the charging unit broke after 3 days of normal use,-0.7178,0.0,0.6,0.4,Negative
CUST-0410,5.3,6,443.73,"Does the job adequately. No major complaints, but nothing exceptional.",2,does the job adequately no major complaints but nothing exceptional,-0.3506,0.0,0.699,0.301,Negative
CUST-0411,21.2,4,260.95,"Does the job adequately. No major complaints, but nothing exceptional.",2,does the job adequately no major complaints but nothing exceptional,-0.3506,0.0,0.699,0.301,Negative
CUST-0412,164.8,2,117.99,Extremely disappointed with build quality. Cheap plastic that feels fragile.,0,extremely disappointed with build quality cheap plastic that feels fragile,-0.5256,0.0,0.726,0.274,Negative
CUST-0413,165.4,5,161.78,Unacceptable delivery delay. Took 3 weeks to arrive and support was unreachable.,0,unacceptable delivery delay took 3 weeks to arrive and support was unreachable,-0.3818,0.169,0.5,0.331,Negative
CUST-0414,46.9,9,946.04,"A bit pricey for what it delivers, but overall decent experience.",1,a bit pricey for what it delivers but overall decent experience,0.0,0.0,1.0,0.0,Neutral
CUST-0415,55.0,4,120.57,Do not recommend. Horrible return policy and unhelpful customer support.,0,do not recommend horrible return policy and unhelpful customer support,0.533,0.379,0.477,0.144,Positive
CUST-0416,32.7,3,133.12,"Does the job adequately. No major complaints, but nothing exceptional.",0,does the job adequately no major complaints but nothing exceptional,-0.3506,0.0,0.699,0.301,Negative
CUST-0417,19.1,5,101.07,"Does the job adequately. No major complaints, but nothing exceptional.",0,does the job adequately no major complaints but nothing exceptional,-0.3506,0.0,0.699,0.301,Negative
CUST-0418,21.9,4,238.79,"A bit pricey for what it delivers, but overall decent experience.",2,a bit pricey for what it delivers but overall decent experience,0.0,0.0,1.0,0.0,Neutral
CUST-0419,61.4,4,210.88,Unacceptable delivery delay. Took 3 weeks to arrive and support was unreachable.,0,unacceptable delivery delay took 3 weeks to arrive and support was unreachable,-0.3818,0.169,0.5,0.331,Negative
CUST-0420,76.8,3,191.32,Completely defective. The charging unit broke after 3 days of normal use.,0,completely defective the charging unit broke after 3 days of normal use,-0.7178,0.0,0.6,0.4,Negative
CUST-0421,86.3,6,112.18,Extremely disappointed with build quality. Cheap plastic that feels fragile.,0,extremely disappointed with build quality cheap plastic that feels fragile,-0.5256,0.0,0.726,0.274,Negative
CUST-0422,85.7,6,420.19,Do not recommend. Horrible return policy and unhelpful customer support.,1,do not recommend horrible return policy and unhelpful customer support,0.533,0.379,0.477,0.144,Positive
CUST-0423,5.3,5,177.33,"A bit pricey for what it delivers, but overall decent experience.",2,a bit pricey for what it delivers but overall decent experience,0.0,0.0,1.0,0.0,Neutral
CUST-0424,37.5,4,189.27,"Does the job adequately. No major complaints, but nothing exceptional.",0,does the job adequately no major complaints but nothing exceptional,-0.3506,0.0,0.699,0.301,Negative
CUST-0425,3.3,8,534.15,"Acceptable performance. It functions as described, but packaging was slightly dented.",2,acceptable performance it functions as described but packaging was slightly dented,0.1655,0.142,0.858,0.0,Positive
CUST-0426,43.9,5,273.51,"Acceptable performance. It functions as described, but packaging was slightly dented.",1,acceptable performance it functions as described but packaging was slightly dented,0.1655,0.142,0.858,0.0,Positive
CUST-0427,32.0,4,223.9,Standard delivery time. Product is fine for routine everyday use.,0,standard delivery time product is fine for routine everyday use,0.2023,0.167,0.833,0.0,Positive
CUST-0428,120.3,1,64.39,Do not recommend. Horrible return policy and unhelpful customer support.,0,do not recommend horrible return policy and unhelpful customer support,0.533,0.379,0.477,0.144,Positive
CUST-0429,23.8,3,173.15,Standard delivery time. Product is fine for routine everyday use.,0,standard delivery time product is fine for routine everyday use,0.2023,0.167,0.833,0.0,Positive
CUST-0430,6.8,4,175.44,Standard delivery time. Product is fine for routine everyday use.,2,standard delivery time product is fine for routine everyday use,0.2023,0.167,0.833,0.0,Positive
CUST-0431,8.5,4,188.01,"Acceptable performance. It functions as described, but packaging was slightly dented.",2,acceptable performance it functions as described but packaging was slightly dented,0.1655,0.142,0.858,0.0,Positive
CUST-0432,78.8,6,322.88,Extremely disappointed with build quality. Cheap plastic that feels fragile.,1,extremely disappointed with build quality cheap plastic that feels fragile,-0.5256,0.0,0.726,0.274,Negative
CUST-0433,53.0,5,169.4,Extremely disappointed with build quality. Cheap plastic that feels fragile.,0,extremely disappointed with build quality cheap plastic that feels fragile,-0.5256,0.0,0.726,0.274,Negative
CUST-0434,5.9,6,407.57,Standard delivery time. Product is fine for routine everyday use.,2,standard delivery time product is fine for routine everyday use,0.2023,0.167,0.833,0.0,Positive
CUST-0435,4.8,8,441.57,"Acceptable performance. It functions as described, but packaging was slightly dented.",2,acceptable performance it functions as described but packaging was slightly dented,0.1655,0.142,0.858,0.0,Positive
CUST-0436,66.4,4,205.38,Do not recommend. Horrible return policy and unhelpful customer support.,0,do not recommend horrible return policy and unhelpful customer support,0.533,0.379,0.477,0.144,Positive
CUST-0437,4.2,6,428.79,"A bit pricey for what it delivers, but overall decent experience.",2,a bit pricey for what it delivers but overall decent experience,0.0,0.0,1.0,0.0,Neutral
CUST-0438,94.9,3,143.51,Unacceptable delivery delay. Took 3 weeks to arrive and support was unreachable.,0,unacceptable delivery delay took 3 weeks to arrive and support was unreachable,-0.3818,0.169,0.5,0.331,Negative
CUST-0439,67.4,7,327.01,Extremely disappointed with build quality. Cheap plastic that feels fragile.,1,extremely disappointed with build quality cheap plastic that feels fragile,-0.5256,0.0,0.726,0.274,Negative
CUST-0440,4.7,6,247.66,"A bit pricey for what it delivers, but overall decent experience.",2,a bit pricey for what it delivers but overall decent experience,0.0,0.0,1.0,0.0,Neutral
CUST-0441,4.9,7,393.23,"Does the job adequately. No major complaints, but nothing exceptional.",2,does the job adequately no major complaints but nothing exceptional,-0.3506,0.0,0.699,0.301,Negative
CUST-0442,237.4,4,222.21,Completely defective. The charging unit broke after 3 days of normal use.,0,completely defective the charging unit broke after 3 days of normal use,-0.7178,0.0,0.6,0.4,Negative
CUST-0443,25.8,3,114.02,"Does the job adequately. No major complaints, but nothing exceptional.",0,does the job adequately no major complaints but nothing exceptional,-0.3506,0.0,0.699,0.301,Negative
CUST-0444,25.5,2,93.6,"Acceptable performance. It functions as described, but packaging was slightly dented.",0,acceptable performance it functions as described but packaging was slightly dented,0.1655,0.142,0.858,0.0,Positive
CUST-0445,92.2,3,114.38,Extremely disappointed with build quality. Cheap plastic that feels fragile.,0,extremely disappointed with build quality cheap plastic that feels fragile,-0.5256,0.0,0.726,0.274,Negative
CUST-0446,161.8,4,149.25,Unacceptable delivery delay. Took 3 weeks to arrive and support was unreachable.,0,unacceptable delivery delay took 3 weeks to arrive and support was unreachable,-0.3818,0.169,0.5,0.331,Negative
CUST-0447,234.8,3,56.59,Do not recommend. Horrible return policy and unhelpful customer support.,0,do not recommend horrible return policy and unhelpful customer support,0.533,0.379,0.477,0.144,Positive
CUST-0448,77.0,8,366.75,Completely defective. The charging unit broke after 3 days of normal use.,1,completely defective the charging unit broke after 3 days of normal use,-0.7178,0.0,0.6,0.4,Negative
CUST-0449,26.0,3,58.08,"A bit pricey for what it delivers, but overall decent experience.",0,a bit pricey for what it delivers but overall decent experience,0.0,0.0,1.0,0.0,Neutral
CUST-0450,4.8,5,208.35,"Acceptable performance. It functions as described, but packaging was slightly dented.",2,acceptable performance it functions as described but packaging was slightly dented,0.1655,0.142,0.858,0.0,Positive
CUST-0451,82.6,5,194.86,Completely defective. The charging unit broke after 3 days of normal use.,0,completely defective the charging unit broke after 3 days of normal use,-0.7178,0.0,0.6,0.4,Negative
CUST-0452,45.0,1,68.93,Completely defective. The charging unit broke after 3 days of normal use.,0,completely defective the charging unit broke after 3 days of normal use,-0.7178,0.0,0.6,0.4,Negative
CUST-0453,30.4,5,158.66,"A bit pricey for what it delivers, but overall decent experience.",0,a bit pricey for what it delivers but overall decent experience,0.0,0.0,1.0,0.0,Neutral
CUST-0454,130.3,7,254.09,Unacceptable delivery delay. Took 3 weeks to arrive and support was unreachable.,1,unacceptable delivery delay took 3 weeks to arrive and support was unreachable,-0.3818,0.169,0.5,0.331,Negative
CUST-0455,6.5,5,215.66,Standard delivery time. Product is fine for routine everyday use.,2,standard delivery time product is fine for routine everyday use,0.2023,0.167,0.833,0.0,Positive
CUST-0456,37.3,8,316.46,Standard delivery time. Product is fine for routine everyday use.,1,standard delivery time product is fine for routine everyday use,0.2023,0.167,0.833,0.0,Positive
CUST-0457,0.6,3,223.94,"Acceptable performance. It functions as described, but packaging was slightly dented.",2,acceptable performance it functions as described but packaging was slightly dented,0.1655,0.142,0.858,0.0,Positive
CUST-0458,34.8,5,147.53,"A bit pricey for what it delivers, but overall decent experience.",0,a bit pricey for what it delivers but overall decent experience,0.0,0.0,1.0,0.0,Neutral
CUST-0459,3.2,6,259.02,"Acceptable performance. It functions as described, but packaging was slightly dented.",2,acceptable performance it functions as described but packaging was slightly dented,0.1655,0.142,0.858,0.0,Positive
CUST-0460,7.0,6,335.86,Standard delivery time. Product is fine for routine everyday use.,2,standard delivery time product is fine for routine everyday use,0.2023,0.167,0.833,0.0,Positive
CUST-0461,6.9,2,131.72,Standard delivery time. Product is fine for routine everyday use.,0,standard delivery time product is fine for routine everyday use,0.2023,0.167,0.833,0.0,Positive
CUST-0462,57.6,6,258.93,Extremely disappointed with build quality. Cheap plastic that feels fragile.,1,extremely disappointed with build quality cheap plastic that feels fragile,-0.5256,0.0,0.726,0.274,Negative
CUST-0463,75.4,4,61.9,Completely defective. The charging unit broke after 3 days of normal use.,0,completely defective the charging unit broke after 3 days of normal use,-0.7178,0.0,0.6,0.4,Negative
CUST-0464,48.2,5,236.49,Do not recommend. Horrible return policy and unhelpful customer support.,1,do not recommend horrible return policy and unhelpful customer support,0.533,0.379,0.477,0.144,Positive
CUST-0465,180.1,3,223.01,Do not recommend. Horrible return policy and unhelpful customer support.,0,do not recommend horrible return policy and unhelpful customer support,0.533,0.379,0.477,0.144,Positive
CUST-0466,25.8,6,330.48,Standard delivery time. Product is fine for routine everyday use.,1,standard delivery time product is fine for routine everyday use,0.2023,0.167,0.833,0.0,Positive
CUST-0467,18.5,9,488.3,"A bit pricey for what it delivers, but overall decent experience.",1,a bit pricey for what it delivers but overall decent experience,0.0,0.0,1.0,0.0,Neutral
CUST-0468,111.6,5,154.33,Completely defective. The charging unit broke after 3 days of normal use.,0,completely defective the charging unit broke after 3 days of normal use,-0.7178,0.0,0.6,0.4,Negative
CUST-0469,13.9,10,290.18,"Acceptable performance. It functions as described, but packaging was slightly dented.",1,acceptable performance it functions as described but packaging was slightly dented,0.1655,0.142,0.858,0.0,Positive
CUST-0470,181.7,4,201.3,Unacceptable delivery delay. Took 3 weeks to arrive and support was unreachable.,0,unacceptable delivery delay took 3 weeks to arrive and support was unreachable,-0.3818,0.169,0.5,0.331,Negative
CUST-0471,0.7,4,97.3,Standard delivery time. Product is fine for routine everyday use.,2,standard delivery time product is fine for routine everyday use,0.2023,0.167,0.833,0.0,Positive
CUST-0472,192.6,1,64.06,Completely defective. The charging unit broke after 3 days of normal use.,0,completely defective the charging unit broke after 3 days of normal use,-0.7178,0.0,0.6,0.4,Negative
CUST-0473,2.4,5,173.8,"Acceptable performance. It functions as described, but packaging was slightly dented.",2,acceptable performance it functions as described but packaging was slightly dented,0.1655,0.142,0.858,0.0,Positive
CUST-0474,122.0,5,247.78,Unacceptable delivery delay. Took 3 weeks to arrive and support was unreachable.,1,unacceptable delivery delay took 3 weeks to arrive and support was unreachable,-0.3818,0.169,0.5,0.331,Negative
CUST-0475,41.3,2,32.11,Completely defective. The charging unit broke after 3 days of normal use.,0,completely defective the charging unit broke after 3 days of normal use,-0.7178,0.0,0.6,0.4,Negative
CUST-0476,272.6,4,171.65,Do not recommend. Horrible return policy and unhelpful customer support.,0,do not recommend horrible return policy and unhelpful customer support,0.533,0.379,0.477,0.144,Positive
CUST-0477,4.2,5,143.27,Standard delivery time. Product is fine for routine everyday use.,2,standard delivery time product is fine for routine everyday use,0.2023,0.167,0.833,0.0,Positive
CUST-0478,44.4,8,65.64,"Acceptable performance. It functions as described, but packaging was slightly dented.",0,acceptable performance it functions as described but packaging was slightly dented,0.1655,0.142,0.858,0.0,Positive
CUST-0479,191.6,5,298.77,Unacceptable delivery delay. Took 3 weeks to arrive and support was unreachable.,1,unacceptable delivery delay took 3 weeks to arrive and support was unreachable,-0.3818,0.169,0.5,0.331,Negative
CUST-0480,40.7,4,318.16,"A bit pricey for what it delivers, but overall decent experience.",1,a bit pricey for what it delivers but overall decent experience,0.0,0.0,1.0,0.0,Neutral
CUST-0481,54.6,2,140.66,Unacceptable delivery delay. Took 3 weeks to arrive and support was unreachable.,0,unacceptable delivery delay took 3 weeks to arrive and support was unreachable,-0.3818,0.169,0.5,0.331,Negative
CUST-0482,65.4,6,373.62,Unacceptable delivery delay. Took 3 weeks to arrive and support was unreachable.,1,unacceptable delivery delay took 3 weeks to arrive and support was unreachable,-0.3818,0.169,0.5,0.331,Negative
CUST-0483,33.3,8,340.37,"A bit pricey for what it delivers, but overall decent experience.",1,a bit pricey for what it delivers but overall decent experience,0.0,0.0,1.0,0.0,Neutral
CUST-0484,54.3,5,322.53,Do not recommend. Horrible return policy and unhelpful customer support.,1,do not recommend horrible return policy and unhelpful customer support,0.533,0.379,0.477,0.144,Positive
CUST-0485,48.3,5,360.15,"Acceptable performance. It functions as described, but packaging was slightly dented.",1,acceptable performance it functions as described but packaging was slightly dented,0.1655,0.142,0.858,0.0,Positive
CUST-0486,127.3,2,104.93,Extremely disappointed with build quality. Cheap plastic that feels fragile.,0,extremely disappointed with build quality cheap plastic that feels fragile,-0.5256,0.0,0.726,0.274,Negative
CUST-0487,2.6,9,258.13,Standard delivery time. Product is fine for routine everyday use.,2,standard delivery time product is fine for routine everyday use,0.2023,0.167,0.833,0.0,Positive
CUST-0488,18.1,5,205.06,"Acceptable performance. It functions as described, but packaging was slightly dented.",2,acceptable performance it functions as described but packaging was slightly dented,0.1655,0.142,0.858,0.0,Positive
CUST-0489,165.2,2,161.3,Extremely disappointed with build quality. Cheap plastic that feels fragile.,0,extremely disappointed with build quality cheap plastic that feels fragile,-0.5256,0.0,0.726,0.274,Negative
CUST-0490,121.5,2,97.31,Completely defective. The charging unit broke after 3 days of normal use.,0,completely defective the charging unit broke after 3 days of normal use,-0.7178,0.0,0.6,0.4,Negative
CUST-0491,33.4,3,8.0,Completely defective. The charging unit broke after 3 days of normal use.,0,completely defective the charging unit broke after 3 days of normal use,-0.7178,0.0,0.6,0.4,Negative
CUST-0492,53.2,5,117.8,Extremely disappointed with build quality. Cheap plastic that feels fragile.,0,extremely disappointed with build quality cheap plastic that feels fragile,-0.5256,0.0,0.726,0.274,Negative
CUST-0493,17.9,1,42.36,"Acceptable performance. It functions as described, but packaging was slightly dented.",0,acceptable performance it functions as described but packaging was slightly dented,0.1655,0.142,0.858,0.0,Positive
CUST-0494,11.5,8,549.16,"Does the job adequately. No major complaints, but nothing exceptional.",1,does the job adequately no major complaints but nothing exceptional,-0.3506,0.0,0.699,0.301,Negative
CUST-0495,34.3,5,225.42,"A bit pricey for what it delivers, but overall decent experience.",1,a bit pricey for what it delivers but overall decent experience,0.0,0.0,1.0,0.0,Neutral
CUST-0496,24.0,8,551.84,"Does the job adequately. No major complaints, but nothing exceptional.",1,does the job adequately no major complaints but nothing exceptional,-0.3506,0.0,0.699,0.301,Negative
CUST-0497,48.2,7,283.7,Standard delivery time. Product is fine for routine everyday use.,1,standard delivery time product is fine for routine everyday use,0.2023,0.167,0.833,0.0,Positive
CUST-0498,4.5,6,87.86,"Acceptable performance. It functions as described, but packaging was slightly dented.",2,acceptable performance it functions as described but packaging was slightly dented,0.1655,0.142,0.858,0.0,Positive
CUST-0499,201.6,8,329.22,Unacceptable delivery delay. Took 3 weeks to arrive and support was unreachable.,1,unacceptable delivery delay took 3 weeks to arrive and support was unreachable,-0.3818,0.169,0.5,0.331,Negative
CUST-0500,235.6,7,393.46,Unacceptable delivery delay. Took 3 weeks to arrive and support was unreachable.,1,unacceptable delivery delay took 3 weeks to arrive and support was unreachable,-0.3818,0.169,0.5,0.331,Negative
